submission #,first_name,last_name,email,country,university,website,person id,corresbonding?
1,Clark,Tasker,ctasker11@cafepress.com,Jordan,Al-Balqa Applied University,https://hhs.gov,38,FALSE
1,Matthieu,Lamerton,mlamerton2g@patch.com,China,Changsha Railway University,http://gmpg.org,89,FALSE
2,Kate,Mardle,kmardledp@scientificamerican.com,Portugal,Instituto Superior de Entre Douro e Vouga,http://diigo.com,494,TRUE
3,Aeriela,Obey,aobey4e@vk.com,Philippines,Palawan State University,http://hp.com,159,FALSE
3,Elliot,Ladbrook,eladbrooka2@cdbaby.com,Swaziland,University of Swaziland,http://meetup.com,363,FALSE
3,Krystyna,McGoogan,kmcgoogandy@t.co,China,Foshan University,http://sciencedirect.com,503,FALSE
4,Neddie,Mulliner,nmullinerax@creativecommons.org,Poland,Zachodniopomorska School of Science and Engineering,http://comcast.net,394,TRUE
5,Giustino,Klaves,gklaves52@illinois.edu,Sweden,Free University Stockholm,https://amazon.co.jp,183,TRUE
5,Celene,McGhee,cmcgheehe@wikia.com,Brazil,Universidade Federal de Roraima,http://1688.com,627,FALSE
5,Willard,Petracek,wpetracekkc@gizmodo.com,China,Tianjin Academy of Fine Art,http://washington.edu,733,TRUE
6,Marguerite,Gildersleeve,mgildersleevecy@youku.com,China,Guangxi University,https://theglobeandmail.com,467,TRUE
6,Silvia,Abrahamowitcz,sabrahamowitcze3@simplemachines.org,Laos,Soutsaka Institute of management and Technology,https://blogger.com,508,TRUE
6,Lari,Golde,lgoldeel@tamu.edu,Thailand,South-East Asia University,http://virginia.edu,526,TRUE
6,Carlotta,Goggey,cgoggeym0@mayoclinic.com,Poland,Walcz College,https://uol.com.br,793,FALSE
7,Engracia,Athridge,eathridge5j@newsvine.com,Indonesia,Politeknik Negeri Lhokseumawe,https://blinklist.com,200,TRUE
7,Akim,Elan,aeland4@sfgate.com,Russia,Russian State Geological Prospecting University ,https://people.com.cn,473,TRUE
7,Giana,Fairbeard,gfairbeardkn@google.com.hk,Venezuela,Universidad Bolivariana de Venezuela,https://wsj.com,744,TRUE
7,Conrado,Botcherby,cbotcherbyl7@ucoz.ru,China,Guizhou University,http://phpbb.com,764,FALSE
8,Tammi,Kedward,tkedward2q@symantec.com,Philippines,"De La Salle University, Araneta",https://nps.gov,99,TRUE
8,Cristy,Clothier,cclothierfv@cnn.com,Azerbaijan,Odlar Yurdu University,http://nsw.gov.au,572,TRUE
9,Powell,Paolicchi,ppaolicchi9r@ucoz.ru,China,Nanjing Agricultural University,https://ifeng.com,352,TRUE
9,Chrystel,Joysey,cjoyseyaq@prweb.com,Brazil,Universidade Santa ??rsula,http://sfgate.com,387,FALSE
10,Allison,Cradock,acradock3d@w3.org,Ukraine,National University of Shipbuilding,http://jiathis.com,122,TRUE
10,Mara,Giametti,mgiametti7n@blogspot.com,Venezuela,"Universidad Nacional Experimental Polit??cnica ""Antonio Jos?? de Sucre""",http://deliciousdays.com,276,TRUE
10,Bar,Gomersal,bgomersal8o@google.ca,Bulgaria,University of Economics Varna,https://bandcamp.com,313,TRUE
10,Casey,Powell,cpowelle6@eepurl.com,Portugal,Instituto Polit??cnico de Bragan??a,http://nbcnews.com,511,TRUE
10,Carlos,Obbard,cobbardh1@bloglovin.com,Mexico,Universidad Espa??a de Durango,http://soup.io,614,TRUE
10,Rina,Fortun,rfortuni7@discuz.net,Guatemala,Universidad Rural de Guatemala,https://mysql.com,656,TRUE
11,Drucy,Balbeck,dbalbeck1@plala.or.jp,France,Ecole Polytechnique Universitaire de Lille,http://soup.io,2,FALSE
11,Adrea,Martellini,amartellinic@google.co.jp,Madagascar,Universit?? de Mahajanga,http://unesco.org,13,TRUE
11,Francyne,Domange,fdomangeaz@google.com.hk,Czech Republic,Tomas Bata University in Zlin,http://microsoft.com,396,FALSE
12,Claudell,Rainey,crainey65@scientificamerican.com,Portugal,Universidade Lusiada,http://huffingtonpost.com,222,TRUE
12,Scottie,Tookill,stookill9k@cafepress.com,France,Universit?? du Havre,https://dion.ne.jp,345,FALSE
12,Lazare,Pickersgill,lpickersgilla7@unblog.fr,Democratic Republic of the Congo,Universit?? de Kolwezi,https://ehow.com,368,TRUE
12,Carlos,Corson,ccorsonbg@howstuffworks.com,South Africa,Rhodes University,https://cocolog-nifty.com,413,TRUE
12,Hillier,Longthorn,hlongthornhz@sciencedaily.com,Ukraine,Odessa State Academy of Construction and Architecture,http://twitpic.com,648,TRUE
13,Donella,Sherred,dsherred3o@paypal.com,Portugal,Instituto Superior Novas Profiss??es - INP,https://hibu.com,133,FALSE
13,Lazar,Talton,ltalton40@washingtonpost.com,Egypt,Port Said University,https://ning.com,145,TRUE
13,Teresina,Bradbeer,tbradbeer4x@ed.gov,Brazil,Centro Regional Universit??rio de Espir??to Santo do Pinhal,https://google.de,178,TRUE
13,Pearle,Riccetti,priccettibp@ucoz.com,Botswana,Botswana Accountancy College,http://utexas.edu,422,FALSE
13,Chryste,Ancketill,cancketillcv@geocities.jp,China,Shandong Agricultural University,https://utexas.edu,464,FALSE
13,Vinnie,MacKessock,vmackessockk3@patch.com,China,Fudan University,http://sfgate.com,724,TRUE
13,Lowe,Cooper,lcooperkt@fc2.com,China,Anhui University of Finance and Economics,http://bloglovin.com,750,FALSE
14,Augustin,Wetter,awetter2x@businessweek.com,Brazil,Pontif??cia Universidade Cat??lica de Minas Gerais,http://liveinternet.ru,106,FALSE
14,Giustina,Hartnup,ghartnup3p@geocities.jp,Indonesia,Institut Teknologi Bandung,http://hao123.com,134,FALSE
14,Zebulen,Galbraith,zgalbraith5u@wix.com,Montenegro,University of Montenegro,https://stumbleupon.com,211,TRUE
15,Delmar,Ody,dody6d@nationalgeographic.com,Russia,Kuban State University,http://pen.io,230,FALSE
15,Elnar,Reisin,ereisinah@samsung.com,Sweden,Dalarna University College,https://foxnews.com,378,TRUE
16,Dudley,Mancktelow,dmancktelowap@theatlantic.com,Philippines,University of the Assumption,https://list-manage.com,386,FALSE
16,Salaidh,Zanetto,szanettoas@dell.com,Ukraine,National Pirogov Memorial Medical University,https://51.la,389,TRUE
16,Emelita,Luipold,eluipoldcs@wisc.edu,Russia,"International Banking Institute, St. Petersburg",http://aol.com,461,FALSE
17,Steffi,Sarvar,ssarvar5a@devhub.com,Honduras,Universidad Tecnol??gica de Honduras,https://ovh.net,191,TRUE
18,Donia,Humberstone,dhumberstone4z@bloglines.com,Myanmar,University of Medicine Magway,http://baidu.com,180,TRUE
18,Nathalie,Makinson,nmakinson6h@wix.com,Afghanistan,Khana-e-Noor Institute of Higher Education,https://japanpost.jp,234,TRUE
18,Linzy,Helin,lhelinjv@wikipedia.org,Indonesia,Universitas Widya Gama Malang,https://ox.ac.uk,716,FALSE
19,Berty,Horstead,bhorstead2l@freewebs.com,China,China youth college for political science,http://jalbum.net,94,TRUE
19,Joni,Pelchat,jpelchat41@weather.com,Russia,Kursk State Technical University,https://cmu.edu,146,TRUE
19,Modestia,Rathbone,mrathbonea4@artisteer.com,Indonesia,Universitas Wisnuwardhana,http://google.nl,365,FALSE
20,Leoline,Ainley,lainley3f@newsvine.com,Russia,Voronezh State Technical University,https://sciencedirect.com,124,FALSE
20,Langsdon,Jackways,ljackwaysez@eventbrite.com,Nigeria,Ebonyi State University,http://last.fm,540,FALSE
20,Ravi,Piggin,rpigginht@webmd.com,Poland,Music Academy in Cracow,https://who.int,642,TRUE
21,Chevy,Treffry,ctreffry2j@cisco.com,Indonesia,Universitas Islam Malang,http://disqus.com,92,TRUE
21,Sibylla,Royle,sroyle61@newsvine.com,Indonesia,Politeknik Negeri Sambas,http://sciencedaily.com,218,FALSE
21,Benedick,Desport,bdesport8m@illinois.edu,France,Universit?? d'Orl??ans,https://booking.com,311,TRUE
21,Rod,Martinelli,rmartinellic3@imageshack.us,Indonesia,Universitas Muhammadiyah Mataram,http://com.com,436,FALSE
22,Puff,Brou,pbrou31@is.gd,Poland,Academy of Economics in Wroclaw,http://techcrunch.com,110,TRUE
22,Letisha,Martina,lmartinahh@cnet.com,Ukraine,National Medical University O.O. Bogomolets,https://posterous.com,630,FALSE
23,Kiel,Bains,kbains4j@csmonitor.com,China,Yanbian University,https://bandcamp.com,164,FALSE
23,Tabbitha,Alston,talston78@prlog.org,Ivory Coast,Universit?? de Bouak??,http://networkadvertising.org,261,TRUE
23,Dewitt,Vedenisov,dvedenisov8a@altervista.org,Nicaragua,Universidad Ciencias Comerciales,https://rambler.ru,299,FALSE
23,Ki,Neate,kneate9x@earthlink.net,France,Universit?? du Droit et de la Sante (Lille II),http://soup.io,358,TRUE
23,Diena,Barnsley,dbarnsleydb@dell.com,China,Shandong University of Science and Technology,http://ebay.co.uk,480,TRUE
23,Marinna,Dickerline,mdickerlineeb@live.com,Sweden,University College of Kristianstad,http://psu.edu,516,TRUE
24,Peggi,Poynser,ppoynser5d@techcrunch.com,Indonesia,Universitas Terbuka Indonesia,https://flavors.me,194,TRUE
24,Elonore,Millions,emillions6l@blogs.com,Honduras,Universidad Nacional Aut??noma de Honduras,http://hatena.ne.jp,238,TRUE
24,Lionel,Bilofsky,lbilofsky86@yahoo.co.jp,Sweden,V??xj?? University,https://buzzfeed.com,295,FALSE
24,Donnamarie,Worden,dwordener@blogspot.com,Canada,St. Francis Xavier University,https://huffingtonpost.com,532,FALSE
24,Candie,Nowland,cnowlandey@blogspot.com,Tanzania,Mzumbe University (Chuo Kikuu Mzumbe),http://yahoo.com,539,FALSE
24,Camey,Grimditch,cgrimditchkm@spiegel.de,Ukraine,Ukrainian Academy of Pharmacy,http://youtube.com,743,FALSE
25,Kienan,Konzelmann,kkonzelmann5k@free.fr,Indonesia,Universitas Methodist Indonesia,https://dell.com,201,FALSE
25,Nikolai,Gusticke,ngustickeev@github.io,Nigeria,Landmark University,http://ucla.edu,536,FALSE
26,Merrilee,Pyper,mpyper3q@constantcontact.com,Philippines,Manuel S. Enverga University Foundation,http://comcast.net,135,TRUE
26,Artur,Ballinghall,aballinghall8w@i2i.jp,Sweden,S??dert??rn University College,http://rediff.com,321,TRUE
27,Dyane,Dilliway,ddilliwaycw@goo.ne.jp,Philippines,Holy Angel University,http://dyndns.org,465,FALSE
27,Chad,Rookledge,crookledgeds@wikia.com,Madagascar,Universit?? de Toamasina,https://dailymotion.com,497,TRUE
27,Maryellen,Franssen,mfranssenf1@com.com,Indonesia,Universitas Kristen Duta Wacana,https://typepad.com,542,TRUE
27,Salvatore,Gheorghie,sgheorghieil@examiner.com,Portugal,Academia Nacional Superior de Orquesta,http://cpanel.net,670,TRUE
28,Odey,McNeillie,omcneillie1q@creativecommons.org,Albania,"University of Vlora ""Ismail Qemali""",https://quantcast.com,63,TRUE
28,Dara,Claricoates,dclaricoatesam@skyrock.com,Portugal,Instituto Piaget,http://simplemachines.org,383,TRUE
28,Morrie,Kirke,mkirkehf@npr.org,Colombia,Conservatorio del Tolima,http://umn.edu,628,TRUE
29,Gary,Glide,gglidebk@ihg.com,Ireland,Warnborough University,https://123-reg.co.uk,417,FALSE
30,Hall,Birley,hbirley2n@google.com.br,France,"Schiller International University, Paris",http://globo.com,96,TRUE
32,Keane,Rapier,krapier12@china.com.cn,Sweden,School of Design and Crafts,https://bizjournals.com,39,FALSE
32,Clarance,Angless,cangless3r@hubpages.com,South Africa,University of Venda,https://reverbnation.com,136,FALSE
33,Shaina,Ripsher,sripsher67@4shared.com,Philippines,Philippine Normal University,https://stumbleupon.com,224,FALSE
33,Talya,Clemencon,tclemencondv@bravesites.com,Georgia,Ilia Chavchavadze State University,https://surveymonkey.com,500,TRUE
34,Liane,Dahlen,ldahlen74@theglobeandmail.com,Costa Rica,Universidad de San Jos??,https://360.cn,257,TRUE
34,Angela,Scroggie,ascroggied7@foxnews.com,China,Guangxi Normal University,http://bbc.co.uk,476,TRUE
34,Chrisse,Hillitt,chillitte5@joomla.org,Indonesia,Politeknik Negeri Malang,https://tripod.com,510,TRUE
34,Mallory,Coyish,mcoyishhp@taobao.com,China,South China Agricultural University,http://ed.gov,638,TRUE
35,Merill,Pilipets,mpilipetsa6@shareasale.com,China,Nanjing Forestry University,http://google.ca,367,FALSE
35,Laverne,Odby,lodbyb4@wikipedia.org,Colombia,Universidad Santo Tom??s,http://ca.gov,401,TRUE
35,Diego,Cunrado,dcunradodr@digg.com,China,Shanghai Business School,https://toplist.cz,496,TRUE
35,Loren,Meron,lmeronjj@macromedia.com,Philippines,Tarlac State University,http://google.it,704,TRUE
36,Imogen,Huge,ihuge8e@wufoo.com,Poland,Walcz College,http://wordpress.org,303,FALSE
37,Eugine,Blaszkiewicz,eblaszkiewiczep@xrea.com,United States,Avila College,http://google.ru,530,TRUE
37,Rakel,Awcock,rawcockhd@usgs.gov,China,University of Science and Technology of China,http://jiathis.com,626,TRUE
37,Giorgia,Berka,gberkakg@forbes.com,Japan,Kumamoto Institute of Technology,https://theguardian.com,737,FALSE
39,Jennica,Poel,jpoel2b@slideshare.net,Brazil,Universidade S??o Francisco,https://apache.org,84,TRUE
39,Florance,Conigsby,fconigsby7b@patch.com,Sweden,Stockholm University,https://g.co,264,TRUE
39,Martynne,Dennes,mdennes9f@tuttocitta.it,China,Sichuan Normal University,https://hud.gov,340,FALSE
39,Hazel,Goggey,hgoggeyb9@t-online.de,Japan,Showa University,https://miibeian.gov.cn,406,FALSE
39,Gabby,Chater,gchaterex@cbsnews.com,Azerbaijan,Baku State University,https://harvard.edu,538,TRUE
40,Miguelita,Rillett,mrillett7m@home.pl,Dominican Republic,Universidad Central Dominicana de Estudio Profesionales,http://t.co,275,FALSE
40,Wilone,Maren,wmarenac@intel.com,China,Harbin University of Science and Technology,https://wikimedia.org,373,TRUE
40,Dorey,Shakshaft,dshakshaftfy@mapquest.com,Indonesia,Universitas Jambi,http://tmall.com,575,TRUE
40,Sonny,Anger,sangerhr@china.com.cn,Philippines,Southwestern University,https://alibaba.com,640,FALSE
41,Chad,Weinmann,cweinmann0@house.gov,Thailand,Mahamakut Buddhist University,http://globo.com,1,FALSE
41,Nedda,Buttler,nbuttlercf@wikimedia.org,Czech Republic,Czech University of Agriculture Prague,https://google.nl,448,FALSE
41,Hyacinthe,Tipens,htipensde@shop-pro.jp,Benin,Universit?? d'Abomey-Calavi (UAC),http://ocn.ne.jp,483,FALSE
41,Carrol,Oiller,coillerkw@nps.gov,Uruguay,Universidad de Montevideo,https://google.ca,753,FALSE
42,Mary,Imison,mimisonw@smugmug.com,Cuba,Universidad de Pinar del R??o,http://bloglovin.com,33,FALSE
42,Susie,Waight,swaight1k@mtv.com,Panama,West Coast University (WCU),https://w3.org,57,FALSE
42,Vera,Lago,vlago50@taobao.com,China,Chongqing Normal University Foreign Trade and Business College,https://over-blog.com,181,TRUE
42,Louis,Tipple,ltippleco@spotify.com,Mexico,Universidad Metropolitana Latin Campus,https://admin.ch,457,TRUE
42,Niven,Twiggs,ntwiggsjm@spiegel.de,Ukraine,Kiev National University of Construction and Architecture,https://thetimes.co.uk,707,TRUE
43,Donnamarie,Moxham,dmoxham2o@psu.edu,Uganda,Aga Khan University,https://reddit.com,97,TRUE
43,Dita,Vannuccini,dvannuccini5p@github.io,Indonesia,Universitas Muhammadiyah Mataram,https://rakuten.co.jp,206,TRUE
43,Becka,Condon,bcondonhn@yandex.ru,Philippines,Far Eastern University,https://cam.ac.uk,636,FALSE
44,Antonietta,Banane,abanane34@oaic.gov.au,Ireland,Royal College of Physicians of Ireland,http://amazon.co.uk,113,TRUE
44,Annette,Tolliday,atolliday7a@tripadvisor.com,Indonesia,Universitas 17 Agustus 1945 Banyuwangi,https://diigo.com,263,FALSE
45,Ingram,Duckhouse,iduckhouse76@theguardian.com,Ukraine,Vinnica National Technical University,http://techcrunch.com,259,TRUE
45,Antonino,Pogg,apogg9h@usnews.com,Egypt,Pharos International University,https://cornell.edu,342,TRUE
45,Abner,Magnar,amagnare4@ca.gov,Indonesia,Universitas Bung Hatta,http://cnn.com,509,TRUE
45,Damien,Dundridge,ddundridgehu@gmpg.org,Sweden,World Maritime University,http://gmpg.org,643,TRUE
45,Lorry,Kimmel,lkimmelm7@examiner.com,China,Hebei Medical University,https://qq.com,800,TRUE
46,Ellswerth,Timmes,etimmes64@home.pl,Russia,Institute of Management and Economy,https://ca.gov,221,FALSE
46,Faun,Grosvener,fgrosvener9t@comsenz.com,South Africa,"Central University of Technology, Free State",http://mail.ru,354,FALSE
46,Linoel,Bedells,lbedellsdo@elegantthemes.com,Philippines,University of the Immaculate Conception,http://dagondesign.com,493,TRUE
46,Marjie,Barracks,mbarracksh8@msn.com,Nicaragua,Universidad Ciencias Comerciales,https://berkeley.edu,621,FALSE
46,Zebedee,Cleghorn,zcleghornha@irs.gov,Philippines,Wesleyan University Philippines,http://mail.ru,623,FALSE
46,Halette,Durtnell,hdurtnellke@nationalgeographic.com,Peru,Universidad Privada Sergio Bernales,https://sourceforge.net,735,FALSE
48,Stephi,Sailor,ssailorn@opera.com,Poland,Academy of Economics in Cracow,http://vk.com,24,TRUE
48,Anjela,Cridge,acridgea3@fastcompany.com,Japan,Kochi University,http://hubpages.com,364,FALSE
48,Ignacio,Provis,iprovisiv@creativecommons.org,Russia,Gnesins Russian Academy of Music,http://opera.com,680,FALSE
48,Samuele,Beven,sbevenlw@php.net,Argentina,"Universidad ""Juan Agust??n Maza""",http://shutterfly.com,789,FALSE
49,Rory,Huriche,rhuriche1t@ftc.gov,Thailand,Silpakorn University,http://t-online.de,66,FALSE
49,Clementia,Attwoull,cattwoull4r@bandcamp.com,Canada,University of Windsor,https://mlb.com,172,TRUE
50,Abbe,Joannic,ajoannic2r@nytimes.com,Peru,Universidad Tecnol??gica de los Andes de Apur??mac,http://cbslocal.com,100,FALSE
50,Rachelle,Climie,rclimie6q@java.com,China,Shaoguan University,https://ebay.co.uk,243,FALSE
50,Nissie,McKague,nmckaguedk@hhs.gov,United States,Bard College,https://chronoengine.com,489,FALSE
50,Harmony,Coverdill,hcoverdilleg@skype.com,Indonesia,Universitas Bhayangkara Surabaya,https://tripadvisor.com,521,FALSE
50,Reyna,Bowdon,rbowdongs@wiley.com,Palestinian Territory,Al-Quds Open University,https://mysql.com,605,FALSE
50,Shena,Groundwater,sgroundwaterl8@dion.ne.jp,Colombia,Universidad Santo Tom??s,http://prweb.com,765,TRUE
50,Nero,Spittle,nspittleld@theglobeandmail.com,Poland,Medical Academy in Lodz,https://ezinearticles.com,770,TRUE
51,Adelaide,Pawsey,apawsey17@cyberchimps.com,Azerbaijan,Azerbaijan University ol Languages,https://webnode.com,44,TRUE
51,Stinky,Lawtie,slawtiead@trellian.com,Philippines,University of San Agustin,http://discuz.net,374,FALSE
51,Edlin,Halcro,ehalcrodx@prweb.com,Ukraine,Lviv Polytechnic National University,https://list-manage.com,502,TRUE
51,Elbertine,Gier,egiere7@deliciousdays.com,Portugal,Instituto Polit??cnico de Beja,http://prnewswire.com,512,FALSE
51,Christie,Ballinger,cballingerej@narod.ru,Brazil,Universidade Regional de Blumenau,http://slideshare.net,524,TRUE
52,Candida,Wix,cwixbr@cornell.edu,Indonesia,Institut Teknologi Telkom,https://delicious.com,424,FALSE
52,Antonietta,Conner,aconnerh7@stanford.edu,Macedonia,State University of Tetova,https://gravatar.com,620,TRUE
53,Faun,Verdie,fverdie3@blog.com,China,Yan Shan University,https://amazon.com,4,FALSE
53,Johann,Killik,jkillikda@webs.com,Japan,Doshisha Women's College of Liberal Arts,https://uol.com.br,479,FALSE
53,Velvet,Mogridge,vmogridgedj@shop-pro.jp,Mongolia,University of the Humanities,http://usnews.com,488,FALSE
53,Boycie,Scutcheon,bscutcheonet@tinypic.com,Pakistan,"Preston University, Pakistan Campus",https://epa.gov,534,TRUE
54,Maximilianus,Seebert,mseebert5@hc360.com,Azerbaijan,Qafqaz University,http://home.pl,6,FALSE
54,Wilden,Antoniades,wantoniades3a@bravesites.com,Ukraine,National Agricultural University,http://github.io,119,FALSE
54,Fina,Kiefer,fkiefer43@t-online.de,Russia,Ural State Academy of Mining and Geology,http://theatlantic.com,148,TRUE
54,Godart,Cranfield,gcranfieldh4@zimbio.com,China,University of Hydraulic Electric Engineering,https://virginia.edu,617,FALSE
54,Sigismond,Cleobury,scleoburyko@nih.gov,Colombia,Universidad Adventista de Colombia,https://about.com,745,FALSE
55,Gregoor,Yurlov,gyurlov9e@cnbc.com,Mexico,Instituto Tecnol??gico y de Estudios Superiores de Occidente,http://mashable.com,339,TRUE
56,Flem,Canacott,fcanacottb1@ft.com,Serbia,Megatrend University of Applied Sciences,https://disqus.com,398,FALSE
56,Natal,Twidell,ntwidelllm@newsvine.com,Israel,Bar-Ilan University,http://oakley.com,779,FALSE
57,Sammy,State,sstate2t@ask.com,Russia,St. Petersburg State Agrarian University,http://comcast.net,102,FALSE
58,Florri,Witham,fwitham49@so-net.ne.jp,Indonesia,Universitas Widya Gama Malang,http://example.com,154,FALSE
58,Alfredo,Yandell,ayandellbj@answers.com,Nicaragua,Universidad Centroamericana de Ciencias Empresariales (UCEM),http://upenn.edu,416,TRUE
58,Jesus,Bondy,jbondyjt@yellowbook.com,Russia,Bashkir State Pedagogical University named After M. Akmullah,https://state.tx.us,714,TRUE
59,Bobinette,Nelle,bnelle3t@i2i.jp,Russia,Moscow Institute of Physics and Technology,http://constantcontact.com,138,FALSE
59,Atalanta,Godbert,agodbert5c@cnet.com,Indonesia,Universitas Muhammadiyah Makassar,http://artisteer.com,193,FALSE
59,Mirilla,Buckhurst,mbuckhurstat@miitbeian.gov.cn,Armenia,Eurasia International University,http://umich.edu,390,FALSE
59,Boycey,McCartney,bmccartneyho@dailymotion.com,Argentina,Universidad Nacional de Tres de Febrero,http://tinyurl.com,637,TRUE
60,Ailbert,Cawthra,acawthradz@reuters.com,Philippines,University of lloilo,http://timesonline.co.uk,504,FALSE
60,Madlen,Rhubottom,mrhubottomhq@squidoo.com,Portugal,Instituto Superior de Assistentes e Int??rpretes,http://webmd.com,639,TRUE
61,Alyss,Jeannot,ajeannot8f@tumblr.com,Uzbekistan,Tashkent School of Finance,http://jimdo.com,304,TRUE
61,Zia,Shenton,zshentongi@barnesandnoble.com,France,Universit?? Henri Poincar?? (Nancy I),https://baidu.com,595,TRUE
62,Franzen,O'Shiels,foshiels30@mashable.com,France,Institut Sup??rieure d'Electronique du Nord,http://guardian.co.uk,109,FALSE
62,Oby,Melody,omelodyk8@webnode.com,Indonesia,Universitas Muhammadiyah Sumatra Utara,https://theglobeandmail.com,729,FALSE
63,Nicolas,Flintoff,nflintoff6o@github.io,Canada,University of Victoria,https://huffingtonpost.com,241,FALSE
63,Manolo,Cardno,mcardnoiw@vistaprint.com,Czech Republic,"University of Northern Virginia, Prague Campus",http://stumbleupon.com,681,TRUE
64,Eyde,Kenset,ekenset3y@homestead.com,Kazakhstan,Kazak State University of Agriculture,https://free.fr,143,FALSE
64,Jennie,Cranmer,jcranmer9v@mapy.cz,Philippines,University of Batangas,https://youtube.com,356,FALSE
65,Kat,McAnulty,kmcanulty3l@noaa.gov,Portugal,Instituto Superior de Ci??ncias Empresariais e de Turismo,https://thetimes.co.uk,130,TRUE
65,Sybil,Santry,ssantrylr@theguardian.com,Indonesia,Universitas Negeri Yogyakarta,https://t-online.de,784,FALSE
66,Alasdair,Thieme,athieme6y@tiny.cc,China,Southern Yangtze University,https://delicious.com,251,TRUE
66,Jase,Grassot,jgrassot7s@shop-pro.jp,China,Guangdong Radio & TV University,http://mysql.com,281,TRUE
68,Othelia,Tubby,otubby24@mysql.com,China,Northwest Normal University Lanzhou,https://barnesandnoble.com,77,FALSE
68,Farlay,Fredi,ffredi5s@fotki.com,Ukraine,National Transport University,https://telegraph.co.uk,209,FALSE
68,Sybil,Loughlin,sloughlinci@reverbnation.com,Japan,Seikei University,http://archive.org,451,TRUE
68,Rebeca,Dietmar,rdietmariz@globo.com,Russia,Yaroslavl State University,https://bloomberg.com,684,FALSE
68,Borden,Double,bdoublek0@chronoengine.com,Venezuela,Universidad de Carabobo,https://cbsnews.com,721,TRUE
69,Emmit,Stair,estair2z@canalblog.com,Sweden,Stockholm University,http://twitter.com,108,FALSE
69,Reina,Agirre,ragirre55@feedburner.com,Afghanistan,Taj Institute of Higher Education,http://craigslist.org,186,TRUE
69,Nollie,Ackwood,nackwoodjp@devhub.com,China,Guangzhou Academy of Fine Art,https://cmu.edu,710,TRUE
69,Rosaline,Poppy,rpoppyjq@mozilla.org,China,Tibet Agricultural and Animal Husbandry College,http://yolasite.com,711,FALSE
70,Alic,Ruddoch,aruddoch39@feedburner.com,Indonesia,Institut Teknologi Adhi Tama Surabaya,https://delicious.com,118,TRUE
70,Tabbie,Raulstone,traulstone4c@comcast.net,Portugal,Universidade Aut??noma de Lisboa Lu??s de Camoes,http://umich.edu,157,FALSE
71,Glenn,Cheale,gcheale5b@360.cn,China,Hebei Normal University,http://angelfire.com,192,FALSE
71,Alverta,Dennison,adennison5m@unc.edu,Philippines,"University of the East, Coloocan",https://artisteer.com,203,TRUE
71,Heddi,Josefowicz,hjosefowicz5x@marriott.com,Laos,National University of Laos,https://cisco.com,214,TRUE
71,Cindelyn,Mosdill,cmosdill7u@hatena.ne.jp,Colombia,Centro de Estudios Investigaci??n y Tecnolog??a (CEIT),https://pen.io,283,TRUE
71,Montague,Sunnex,msunnexe9@psu.edu,Germany,Hochschule Darmstadt,http://live.com,514,FALSE
71,Lorna,Wherton,lwhertonf6@wikimedia.org,Albania,"University of Elbasan ""Aleksander Xhuvani""",http://umich.edu,547,TRUE
71,La verne,Srawley,lsrawleykb@storify.com,China,Henan Normal University,http://time.com,732,TRUE
71,Angie,Jenkin,ajenkinkl@smugmug.com,South Africa,University of Cape Town,http://ustream.tv,742,FALSE
72,Crichton,Halliburton,challiburton5g@acquirethisname.com,China,Zhejiang University of Technology,https://indiegogo.com,197,FALSE
72,Minette,Morales,mmorales6c@rambler.ru,China,China University of Mining Technology - Beijing,http://upenn.edu,229,FALSE
73,Diane-marie,Darte,ddartey@wikimedia.org,Indonesia,Universitas 17 Agustus 1945 Samarinda,https://howstuffworks.com,35,FALSE
73,Shelton,Tune,stune19@bigcartel.com,Sweden,University College of Sk??vde,https://nymag.com,46,FALSE
73,Ethelda,Stembridge,estembridge2p@tinyurl.com,Peru,Universidad Nacional Pedro Ru??z Gallo,http://tuttocitta.it,98,FALSE
73,Kent,Everil,keveril7i@feedburner.com,Philippines,University of the Philippines Diliman,https://dailymail.co.uk,271,FALSE
73,Dud,Alam,dalam8n@issuu.com,Indonesia,Politeknik Negeri Malang,http://marketwatch.com,312,FALSE
73,Fairlie,La Croce,flacrocego@who.int,Brazil,Universidade Federal de S??o Carlos,http://is.gd,601,TRUE
73,Huberto,Ballaam,hballaamky@artisteer.com,China,Shanghai Ocean University,https://nytimes.com,755,TRUE
74,Hanan,Reubbens,hreubbensb6@cmu.edu,Philippines,Notre Dame of Marbel University,https://networksolutions.com,403,TRUE
74,Damara,Loft,dloftbi@dion.ne.jp,Mexico,"Universidad Aut??noma ""Benito Ju??rez"" de Oaxaca",http://meetup.com,415,TRUE
74,Franky,Aitken,faitkencq@unicef.org,Malawi,Catholic University of Malawi,http://usda.gov,459,TRUE
75,Anya,Beardmore,abeardmore3z@samsung.com,Philippines,University of Southeastern Philippines,https://hatena.ne.jp,144,TRUE
75,Frederico,Haversham,fhaversham96@prlog.org,Brazil,Universidade Federal da Bahia,https://phoca.cz,331,FALSE
75,Ado,Joseph,ajosephl1@va.gov,Indonesia,Universitas Slamet Riyadi Surakarta,http://state.tx.us,758,FALSE
76,Eula,Celes,eceles60@cnet.com,China,Qingdao University,http://cmu.edu,217,TRUE
76,Geoffry,Gidman,ggidman72@virginia.edu,Russia,Ural Gorkij State University,https://deliciousdays.com,255,TRUE
76,Farrand,Pauly,fpauly7h@clickbank.net,Portugal,Universidade Tecnica de Lisboa,http://example.com,270,TRUE
76,Malia,FitzGeorge,mfitzgeorge91@cnbc.com,China,South China Construction University,http://facebook.com,326,FALSE
76,Garth,Gopsell,ggopsellea@howstuffworks.com,Syria,International University for Science & Technology ,https://blogtalkradio.com,515,TRUE
77,Cece,Welldrake,cwelldrakei@hud.gov,Cyprus,Cyprus University of Technology,http://yahoo.co.jp,19,TRUE
77,Obadiah,Prescote,oprescote99@loc.gov,Argentina,Universidad Nacional de San Juan,https://g.co,334,FALSE
77,Aarika,Mitskevich,amitskevichbt@amazonaws.com,Philippines,Isabela State University,https://moonfruit.com,426,FALSE
77,Frederico,Ockendon,fockendondg@com.com,Benin,Houdegbe North American University Benin,http://auda.org.au,485,TRUE
78,Holly,Culter,hculter1u@geocities.jp,Bosnia and Herzegovina,University Vitez In Travnik,https://fema.gov,67,TRUE
78,Nobe,Kembery,nkemberyay@lulu.com,China,Shanghai Maritime University,https://foxnews.com,395,TRUE
78,Catherina,Sprulls,csprullsgn@usa.gov,Canada,King's College,https://blogs.com,600,FALSE
78,Lebbie,Fraczek,lfraczekls@purevolume.com,Brazil,Universidade Federal de Santa Catarina,https://earthlink.net,785,TRUE
79,Demetria,Lutwidge,dlutwidge3h@lycos.com,China,Inner Mongolia University,https://blogger.com,126,TRUE
79,El,Solesbury,esolesburyd6@house.gov,Tunisia,Universit?? de Jendouba,https://nhs.uk,475,FALSE
79,Mari,Salvage,msalvagefs@acquirethisname.com,China,Shanghai Normal University,https://state.gov,569,FALSE
79,Cherida,Lowdes,clowdesgq@google.de,Indonesia,Universitas Pasundan,https://homestead.com,603,TRUE
79,Brewer,Fochs,bfochsiq@samsung.com,China,Shaoguan University,https://flickr.com,675,TRUE
79,Tyson,Sheepy,tsheepylg@squidoo.com,France,Institut Sup??rieur d'Agriculture Rhone-Alpes,http://deviantart.com,773,TRUE
80,Gualterio,Grishakin,ggrishakin18@unblog.fr,China,Yantai Education Institute & Yantai Television University,http://plala.or.jp,45,FALSE
80,Neal,Faudrie,nfaudrie83@biglobe.ne.jp,Croatia,Zagreb School of Economics and Management,http://yellowpages.com,292,TRUE
80,Julietta,Toombs,jtoombsc2@mashable.com,China,University of International Business and Economics,https://goo.ne.jp,435,FALSE
80,Lovell,Waumsley,lwaumsleylv@sciencedaily.com,Nigeria,National Open University of Nigeria,https://wisc.edu,788,TRUE
81,Dell,Harbin,dharbin6j@usa.gov,Indonesia,Universitas Komputer Indonesia,https://engadget.com,236,TRUE
81,Agosto,Parman,aparmanau@google.co.uk,Russia,Karelian State Pedagogical University,http://economist.com,391,FALSE
81,Alameda,Cars,acarsgk@craigslist.org,Portugal,Instituto Superior de Gest??o - ISG,http://wiley.com,597,TRUE
82,Vail,McKeating,vmckeatingdt@ucoz.com,China,Shanghai Maritime University,https://ameblo.jp,498,FALSE
82,Clarke,Thayre,cthayref9@ucsd.edu,Portugal,Instituto Superior de Ci??ncias do Trabalho e da Empresa,http://un.org,550,TRUE
83,Claudina,Oret,coret9o@linkedin.com,Brazil,Universidade de Nova Igua??u,https://github.io,349,FALSE
83,Abbey,McAuliffe,amcauliffe9z@phpbb.com,Philippines,Ateneo de Naga University,http://ifeng.com,360,TRUE
84,Doloritas,Kelcher,dkelcher2v@biglobe.ne.jp,Portugal,Universidade Tecnica de Lisboa,https://epa.gov,104,TRUE
84,Sharona,Insole,sinsolefd@youku.com,Tajikistan,Tajik Agrarian University,http://ibm.com,554,TRUE
84,Cheri,Zecchinelli,czecchinelliic@chronoengine.com,Bulgaria,Medical University Varna,http://fc2.com,661,FALSE
84,Lusa,Harler,lharlerj9@weibo.com,Nigeria,Tansian University,https://oakley.com,694,FALSE
85,Westleigh,Bonsey,wbonseyfg@wordpress.com,Philippines,Ateneo de Zamboanga University,http://hugedomains.com,557,FALSE
85,Verna,Rosbrough,vrosbroughk4@deviantart.com,Czech Republic,Tomas Bata University in Zlin,https://nhs.uk,725,TRUE
86,Hinda,Bromby,hbromby7g@reverbnation.com,France,"Ecole Nationale Sup??rieure d'Electronique, d'Electrotechnique, d'Informatique et d'Hydraulique de Toulouse",http://ask.com,269,FALSE
86,Frazier,Bickersteth,fbickersteth9l@si.edu,Comoros,"Fachhochschule Schw??bisch Gm??nd, Hochschule f??r Gestaltung",http://wunderground.com,346,FALSE
86,Wendy,Higounet,whigounetc0@github.io,Russia,Tver State Technical University,https://twitter.com,433,TRUE
87,Valentine,Sturr,vsturr1o@reddit.com,China,Dalian Medical University,http://telegraph.co.uk,61,FALSE
87,Caty,Saterweyte,csaterweyte2d@jigsy.com,China,China University of Political Science and Law,http://bloomberg.com,86,FALSE
87,Alexei,Farmiloe,afarmiloe9s@indiegogo.com,Indonesia,Universitas Kristen Krida Wacana,http://accuweather.com,353,TRUE
88,Quentin,Arrol,qarrol6s@dion.ne.jp,China,Changchun University of Technology,http://vkontakte.ru,245,TRUE
88,Rozina,Burniston,rburniston88@google.com.hk,Russia,Ural Academy of Public Administration,http://whitehouse.gov,297,TRUE
88,Victor,Gathercole,vgathercoleaf@canalblog.com,Poland,Medical Academy in Lublin,http://youtube.com,376,FALSE
89,Ravid,Lilywhite,rlilywhitein@apple.com,South Africa,"Central University of Technology, Free State",http://lycos.com,672,TRUE
89,Emogene,Lumly,elumlyk9@cocolog-nifty.com,Indonesia,Universitas Jenderal Soedirman,https://ehow.com,730,TRUE
89,Georgine,Laurie,glauriekx@washingtonpost.com,Venezuela,Universidad Cat??lica del T??chira,https://jigsy.com,754,FALSE
90,Friedrich,Brinson,fbrinson54@mozilla.org,Ecuador,Universidad Tecnol??gica Equinoccial,https://cmu.edu,185,FALSE
90,Loy,Grissett,lgrissett6w@ifeng.com,Cuba,Universidad de Holgu??n,https://mapy.cz,249,TRUE
90,Laina,Hankinson,lhankinson8v@qq.com,China,Wuhan Technical University of Surveying and Mapping,https://studiopress.com,320,FALSE
90,Zsazsa,Brill,zbrillcp@cnn.com,France,Ecole Sup??rieure d'Ing??nieurs en Electronique et Electrotechnique,https://timesonline.co.uk,458,TRUE
90,Debra,Mallinar,dmallinard1@icq.com,Indonesia,Universitas Islam Nusantara,https://engadget.com,470,TRUE
90,Ad,East,aeastf0@blog.com,Ecuador,Universidad Casa Grande,http://typepad.com,541,TRUE
90,Timoteo,Sauvain,tsauvainix@fc2.com,Indonesia,Universitas Bung Hatta,https://fastcompany.com,682,FALSE
91,Giulio,Guidini,gguidini7y@elegantthemes.com,Albania,University ?€?Pavaresia?€? Vlore,http://howstuffworks.com,287,TRUE
91,Con,Voden,cvoden8q@4shared.com,Brazil,Universidade Federal de S??o Paulo,http://dion.ne.jp,315,FALSE
91,Anitra,Shwalbe,ashwalbegd@whitehouse.gov,Philippines,Don Mariano Marcos Memorial State University,https://opensource.org,590,FALSE
91,Etty,Fallow,efallowiu@princeton.edu,Democratic Republic of the Congo,Universit?? de Kikwite,https://uiuc.edu,679,FALSE
91,Chrysa,McKerrow,cmckerrowkv@github.io,China,Inner Mongolia University,http://youku.com,752,FALSE
92,Lucita,Gedney,lgedney4o@slashdot.org,South Korea,Kwangju University,https://japanpost.jp,169,TRUE
92,Northrup,Crosby,ncrosbyig@noaa.gov,China,Nanjing University of Chemical Technology,https://nyu.edu,665,TRUE
94,Delilah,Varnham,dvarnham4b@archive.org,China,Wuhan Transportation University,http://microsoft.com,156,FALSE
94,Mimi,Cowdrey,mcowdrey73@gravatar.com,Poland,University of Wroclaw,https://jugem.jp,256,TRUE
94,Lizabeth,Duckit,lduckit8g@geocities.jp,Russia,Kaluga State Pedagogical University,https://mtv.com,305,TRUE
94,Camel,Goldstein,cgoldsteinm2@deliciousdays.com,Philippines,University of Southern Mindanao,http://google.com.au,795,TRUE
95,Dana,Pedrol,dpedrolz@1688.com,Finland,EVTEK University of Applied Sciences,https://hibu.com,36,FALSE
95,Ring,Longman,rlongmancn@vk.com,Czech Republic,Technical University of Mining and Metallurgy Ostrava,http://ehow.com,456,FALSE
95,Tyne,Jurries,tjurrieslb@uol.com.br,Russia,Cheljabinsk University of Agricultural Engineering,http://mlb.com,768,TRUE
96,Maye,Pacitti,mpacitti3i@hostgator.com,China,Qingdao University,https://t-online.de,127,FALSE
96,Liane,Raddin,lraddinao@exblog.jp,Russia,Moscow Institute of Physics and Technology,http://unesco.org,385,FALSE
96,Aeriell,Lewisham,alewishamdq@mapy.cz,Reunion,Universit?? de la Reunion,https://jalbum.net,495,TRUE
96,Arleen,Dilawey,adilaweyeu@cargocollective.com,Poland,University of Warsaw,https://nps.gov,535,TRUE
96,Birgit,Chislett,bchislettjf@webmd.com,Belarus,Vitebsk State Medical University,https://si.edu,700,FALSE
97,Caresse,Tilly,ctillyew@vk.com,Argentina,Universidad Nacional de Villa Mar??a,http://yellowpages.com,537,TRUE
97,Vincent,Beiderbeck,vbeiderbeckf4@uiuc.edu,Brazil,Universidade do Vale do Itaja??,https://fda.gov,545,TRUE
97,Randa,Pitman,rpitmange@a8.net,China,Shandong Normal University,https://senate.gov,591,TRUE
97,Juline,Smorthwaite,jsmorthwaitekj@sphinn.com,Yemen,Alahgaff University,http://shareasale.com,740,FALSE
98,Therese,Zambonini,tzamboninig5@squarespace.com,Hungary,Hungarian Academy of Fine Arts Budapest,https://va.gov,582,FALSE
99,Merell,Krugmann,mkrugmann10@ezinearticles.com,Portugal,Escola Superior de Hotelaria e Turismo do Estoril,http://netscape.com,37,TRUE
99,Blane,Tomadoni,btomadonieo@techcrunch.com,China,Zhejiang Gongshang University,https://last.fm,529,TRUE
99,Joy,Gethin,jgethinj2@flickr.com,Indonesia,Universitas Pelita Harapan,http://google.de,687,FALSE
100,Myranda,Coatts,mcoatts1l@businessweek.com,Ukraine,Ternopil Academy of National Economy,http://google.nl,58,FALSE
100,Elly,Josefsen,ejosefsen9q@sourceforge.net,France,Ecole Europ??en des Affaires,https://tumblr.com,351,TRUE
100,Corny,Carlet,ccarletcc@un.org,Indonesia,Universitas 17 Agustus 1945 Semarang,http://soundcloud.com,445,FALSE
100,Jaine,Hoyle,jhoylecl@weibo.com,Poland,Poznan University of Life Sciences,https://posterous.com,454,FALSE
100,Robina,Mellmer,rmellmerfj@lulu.com,China,Taizhou College,https://tuttocitta.it,560,FALSE
101,Angil,Stolz,astolzab@scribd.com,Croatia,Zagreb School of Economics and Management,https://oakley.com,372,FALSE
101,Kory,Glinde,kglindeg4@house.gov,North Korea,Pyongyang University of Science and Technology,https://washington.edu,581,TRUE
102,Ingamar,Lasslett,ilasslett13@yale.edu,Sweden,University College of Bor??s,http://shinystat.com,40,TRUE
102,Dani,Tills,dtills7w@reverbnation.com,China,Nanjing Normal University,http://so-net.ne.jp,285,TRUE
102,Cello,Linstead,clinstead89@mail.ru,Peru,Universidad Privada Los Andes,https://myspace.com,298,FALSE
103,Anatol,Zannelli,azannelli4h@dyndns.org,China,Huaihua Radio and Television University,https://a8.net,162,TRUE
103,Felicdad,Blackaby,fblackaby5f@about.com,Nicaragua,Universidad Americana,http://arstechnica.com,196,TRUE
103,Marshall,Nabbs,mnabbsdd@i2i.jp,Russia,Modern Institute of Managament,http://va.gov,482,FALSE
103,Latisha,Kirkpatrick,lkirkpatrickh0@google.fr,Ukraine,Dnepropetrovsk National University of Railway Transport,https://about.me,613,TRUE
103,Casi,Keightley,ckeightleyhw@narod.ru,Japan,Fukuoka University of Education,https://phpbb.com,645,FALSE
103,Mariejeanne,Whilder,mwhilderi0@go.com,Philippines,Ateneo de Zamboanga University,https://drupal.org,649,FALSE
104,Mike,Stoile,mstoile1f@sourceforge.net,Sweden,S??dert??rn University College,http://pcworld.com,52,TRUE
104,Aubrey,Bunker,abunker2u@biglobe.ne.jp,Trinidad and Tobago,University of the Southern Caribbean,https://mashable.com,103,TRUE
104,Isabel,Cosley,icosleyeh@jalbum.net,China,Nanjing Medical University,http://gravatar.com,522,TRUE
104,Carolyn,Jordanson,cjordansonj7@thetimes.co.uk,China,Changsha University of Electric Power,https://webeden.co.uk,692,FALSE
104,Giralda,Durward,gdurwardkr@tuttocitta.it,China,Harbin University of Science and Technology,https://huffingtonpost.com,748,TRUE
105,Olin,Ekell,oekell3c@census.gov,South Korea,Mokwon University Taejon,https://ow.ly,121,TRUE
105,Georgeanna,Bilney,gbilney4f@constantcontact.com,Indonesia,Universitas Indonesia,http://theglobeandmail.com,160,FALSE
105,Peterus,Bamell,pbamellk6@digg.com,Russia,Ivanovo State Academy of Medicine,http://g.co,727,TRUE
106,Blondell,Cannon,bcannon42@techcrunch.com,United States,Massachusetts College of Liberal Arts,https://youku.com,147,TRUE
106,Brinna,Kindleysides,bkindleysidescb@microsoft.com,China,Beijing Union University,http://fema.gov,444,TRUE
106,Marcie,Pauler,mpaulerj0@walmart.com,Afghanistan,Karwan Institute of Higher Education,http://istockphoto.com,685,TRUE
107,Iris,Egdell,iegdell4i@techcrunch.com,Northern Mariana Islands,St. Cloud State University,https://google.com.au,163,TRUE
107,Esteban,Luker,eluker4v@hugedomains.com,Portugal,Instituto Polit??cnico de Lisboa,https://ed.gov,176,TRUE
107,Conrado,Calvard,ccalvard9y@tinyurl.com,Indonesia,Universitas Sam Ratulangi,https://rakuten.co.jp,359,FALSE
108,Bondon,Dews,bdews8@mediafire.com,China,Shanghai Sipo Polytechnic,https://symantec.com,9,TRUE
108,Celeste,Bolver,cbolver27@webmd.com,Poland,Ludwik Solski State Academy of Theatre in Cracow,https://last.fm,80,FALSE
108,Stearne,Kings,skings53@usgs.gov,China,Yantai Education Institute & Yantai Television University,https://dailymotion.com,184,TRUE
108,Carol-jean,Cronchey,ccroncheydw@twitter.com,Brazil,Universidade Federal do Cear??,http://uol.com.br,501,TRUE
109,Vance,Dell'Abbate,vdellabbate9d@dailymail.co.uk,Cyprus,University of Nicosia,http://ask.com,338,TRUE
109,Denny,Barbary,dbarbarybn@ehow.com,Russia,Ural Gorkij State University,http://buzzfeed.com,420,FALSE
109,Elyssa,McGuggy,emcguggyd2@goodreads.com,Indonesia,Universitas Pasundan,http://cnet.com,471,FALSE
109,Monah,Full,mfullgl@desdev.cn,Thailand,Ubonratchathani University,https://ucla.edu,598,FALSE
110,Angus,Janse,ajanse2w@weebly.com,China,Qinghai University,http://tiny.cc,105,FALSE
110,Amata,Kruszelnicki,akruszelnickifw@admin.ch,Brazil,Centro Universit??rio de Jo??o Pessoa,https://xing.com,573,FALSE
111,Joachim,Ricart,jricart4@blinklist.com,China,China University of Geosciences Wuhan,http://spotify.com,5,FALSE
111,Aidan,Benedetti,abenedetti4n@addthis.com,Indonesia,Swiss German University,http://wix.com,168,FALSE
111,Natalee,Bannerman,nbannermanfh@tripadvisor.com,Czech Republic,Cevro Institut College,https://w3.org,558,FALSE
111,Tamera,Ginley,tginleygt@wikispaces.com,Yemen,Thamar University,https://ustream.tv,606,TRUE
111,Adele,Deinert,adeinertjx@nyu.edu,Bolivia,Universidad Privada de Santa Cruz de la Sierra,https://nytimes.com,718,FALSE
111,Timi,Stogill,tstogillki@youtu.be,Portugal,Universidade Catolica Portuguesa,http://blinklist.com,739,FALSE
111,Prescott,Meaney,pmeaneyle@sbwire.com,Portugal,"Instituto de Artes Visuais, Design e Marketing - IADE",http://miitbeian.gov.cn,771,TRUE
112,Nerty,Maslin,nmaslin7d@smh.com.au,Indonesia,Universitas Advent Indonesia,http://tinyurl.com,266,FALSE
113,Cyndie,D'Errico,cderricoef@ucla.edu,Indonesia,Universitas Nasional Jakarta,http://google.pl,520,FALSE
113,Innis,Gowans,igowansgf@github.com,Colombia,Centro de Estudios Investigaci??n y Tecnolog??a (CEIT),http://economist.com,592,FALSE
114,Seymour,Portail,sportailc7@discovery.com,China,Anhui University of Finance and Economics,http://t.co,440,FALSE
115,Ximenes,Pilkinton,xpilkinton2s@phpbb.com,Indonesia,Universitas Indonesia,https://spiegel.de,101,TRUE
115,Noelyn,Jentges,njentges6n@a8.net,Indonesia,Universitas Bhayangkara Jakarta Raya,https://ustream.tv,240,FALSE
115,Gwen,Avery,gaverya0@ycombinator.com,Greece,University of Patras,https://example.com,361,TRUE
116,Wendall,Febre,wfebre6e@list-manage.com,Dominican Republic,Universidad Central del Este,https://arstechnica.com,231,FALSE
116,Amalle,Hencke,ahenckebm@creativecommons.org,China,Chengdu University,https://instagram.com,419,TRUE
117,Andrey,Stares,astaresf@slideshare.net,Poland,Aleksander Zelwerowicz State Theatre Academy,https://storify.com,16,FALSE
117,Sibylla,Reyna,sreynacg@com.com,France,Ecole Polytechnique Marseille,https://zimbio.com,449,TRUE
118,Klement,Chataignier,kchataignier9n@paypal.com,Ukraine,Volyn National University Lesja Ukrainka,http://si.edu,348,TRUE
118,Flora,Martignon,fmartignonbo@opera.com,Indonesia,Trisakti Institute of Tourism ,http://elpais.com,421,TRUE
118,Arliene,Pilbury,apilburybs@slate.com,Philippines,University of Northeastern Philippines,http://last.fm,425,FALSE
118,Sebastien,Jolliff,sjolliffbu@ebay.co.uk,Czech Republic,Charles University Prague,https://timesonline.co.uk,427,FALSE
118,Bonnee,Dirand,bdirandg0@elegantthemes.com,Philippines,Adventist University of the Philippines,https://redcross.org,577,TRUE
119,Rourke,Polye,rpolyed@tmall.com,Togo,Universit?? de Lom??,http://stanford.edu,14,TRUE
119,Aurel,Goodinson,agoodinson1h@nationalgeographic.com,United States,"Johnson & Wales University, Charleston",https://cafepress.com,54,FALSE
119,Kara,Seine,kseineg2@hao123.com,Argentina,Universidad de la Cuenca del Plata,https://friendfeed.com,579,TRUE
120,Andrea,Bartrap,abartrap3b@wufoo.com,Portugal,Instituto Superior Bissaya Barreto,https://ning.com,120,FALSE
120,Merissa,Oaten,moaten7e@e-recht24.de,Russia,Samara State Agricultural Academy,https://goo.gl,267,FALSE
120,Gray,Degnen,gdegnen97@cargocollective.com,Colombia,Universidad de San Buenaventura,https://google.cn,332,FALSE
120,Christine,Tolussi,ctolussiav@ftc.gov,Latvia,University of Latvia,http://patch.com,392,TRUE
121,Gannie,O'Crevan,gocrevandm@skyrock.com,Peru,Universidad de Chiclayo,http://e-recht24.de,491,FALSE
122,Katinka,Aymes,kaymes5n@toplist.cz,Philippines,West Visayas State University,http://pagesperso-orange.fr,204,TRUE
122,Barrie,Craigg,bcraigg5y@sfgate.com,Comoros,Universidad de San Buenaventura,https://youtube.com,215,FALSE
122,Lauralee,Downs,ldownsec@blogspot.com,Democratic Republic of the Congo,Universit?? de Kisangani,https://i2i.jp,517,TRUE
122,Garrett,Diamant,gdiamantk7@bbc.co.uk,Indonesia,Universitas Bojonegoro,http://gnu.org,728,FALSE
122,Deborah,Camblin,dcamblinkf@samsung.com,Sweden,Karlstad University,http://icq.com,736,TRUE
122,Nathan,Pfeffle,npfefflelu@japanpost.jp,China,Logistics Engineering University of PLA,https://disqus.com,787,TRUE
123,Hillel,Vasnev,hvasnev37@opera.com,Japan,Kumamoto Institute of Technology,http://kickstarter.com,116,TRUE
123,Belvia,Park,bparkg6@example.com,Thailand,King Mongkut's University of Technology North Bangkok,https://wordpress.org,583,FALSE
124,Jeanne,Chatt,jchattbw@shutterfly.com,Indonesia,Universitas 17 Agustus 1945 Banyuwangi,http://goodreads.com,429,TRUE
125,Whitaker,Pointon,wpointon3j@howstuffworks.com,China,Zhejiang Gongshang University,http://t.co,128,TRUE
125,Amelie,Deem,adeemgy@123-reg.co.uk,China,Chongqing University,https://yolasite.com,611,TRUE
125,Tawnya,Muino,tmuinol4@shop-pro.jp,Indonesia,Universitas Paramadina Mulya,https://deliciousdays.com,761,FALSE
126,Kristofor,McIndoe,kmcindoe47@reuters.com,China,Capital University of Medical Sciences,https://mediafire.com,152,FALSE
126,Tuckie,Terrington,tterringtonbz@dion.ne.jp,Colombia,Universidad Aut??noma de Manizales,http://t-online.de,432,TRUE
126,Shell,Birch,sbirchgu@skype.com,United States,The College of St. Scholastica,http://hibu.com,607,TRUE
126,Forrest,Duckinfield,fduckinfieldi2@yelp.com,China,Xinjiang University,http://fema.gov,651,TRUE
127,Sax,Worviell,sworvielldf@deliciousdays.com,Czech Republic,Prague Institute of Chemical Technology,http://google.ru,484,FALSE
128,Husein,Barrim,hbarrim44@omniture.com,Syria,International University for Science & Technology ,https://sciencedirect.com,149,FALSE
128,Daisie,Gorvette,dgorvette5z@blogtalkradio.com,Indonesia,Universitas Padjadjaran,http://feedburner.com,216,FALSE
129,Dulsea,Tootal,dtootal8y@ibm.com,Honduras,Universidad de San Pedro Sula,http://wikispaces.com,323,FALSE
129,Bo,Scotting,bscottingbq@discuz.net,Israel,Ashkelon Academic College,http://ca.gov,423,FALSE
129,Kenny,Lodin,klodingm@irs.gov,Netherlands,Hogeschool van Amsterdam,https://webmd.com,599,TRUE
130,Nance,Tatem,ntatem5t@bbc.co.uk,China,Chinese People's Public Security University,http://google.com,210,FALSE
131,Sidney,Midghall,smidghall68@bluehost.com,Indonesia,Universitas Muslim Indonesia,https://china.com.cn,225,TRUE
131,Maryann,Reddings,mreddings70@marriott.com,Uzbekistan,National University of Uzbekistan,https://discuz.net,253,TRUE
131,Orville,Postle,opostlelh@senate.gov,Uganda,Bugema University,https://taobao.com,774,TRUE
132,Burch,Buckthorp,bbuckthorp2i@chronoengine.com,Brazil,Pontif??cia Universidade Cat??lica do Rio de Janeiro,http://cargocollective.com,91,TRUE
132,Aleen,Saphir,asaphir6x@mediafire.com,South Africa,University of Pretoria,http://prlog.org,250,FALSE
132,Nertie,Antic,nanticln@unicef.org,Canada,British Columbia Institute of Technology,https://ning.com,780,FALSE
133,Calvin,Di Ruggero,cdiruggerob3@ted.com,Philippines,University of Pangasinan,http://toplist.cz,400,FALSE
133,Marina,Beed,mbeedib@bizjournals.com,Indonesia,Universitas Bung Hatta,https://usa.gov,660,FALSE
134,Janela,McMahon,jmcmahonf8@bloglovin.com,Philippines,Liceo de Cagayan University,https://amazon.co.uk,549,FALSE
135,Suzette,Lorroway,slorroway3m@vk.com,Indonesia,Universitas Sarjanawiyata Tamansiswa,http://so-net.ne.jp,131,TRUE
135,Rosemary,Bercher,rbercher93@yolasite.com,Sweden,J??nk??ping University College of Health Sciences,http://oakley.com,328,FALSE
135,Alexandr,Shortin,ashorting3@infoseek.co.jp,Japan,Takasaki City University of Economics,https://japanpost.jp,580,FALSE
136,Bill,Ericsson,bericssonk2@studiopress.com,China,Nanchang University,http://twitter.com,723,TRUE
136,Mariejeanne,Vankeev,mvankeevl9@ft.com,China,Jiangxi Agricultural University,https://whitehouse.gov,766,TRUE
137,Hinda,Bluett,hbluetta@example.com,Indonesia,Institut Teknologi Sepuluh Nopember,https://ocn.ne.jp,11,TRUE
137,Bronnie,Dunlop,bdunlopj@state.tx.us,Portugal,Instituto Superior de Transportes e Comunica????es,http://abc.net.au,20,TRUE
137,Tandie,Prime,tprime9j@hhs.gov,Ukraine,Kiev National Economic University Named after Vadym Hetman,https://discuz.net,344,TRUE
137,Rica,Walpole,rwalpolea9@si.edu,Serbia,University of Kragujevac,https://go.com,370,FALSE
137,Tye,Kenson,tkensonlk@1688.com,Palestinian Territory,Palestine Technical University - Kadoorie,http://theatlantic.com,777,FALSE
138,Mathew,Pankettman,mpankettmang@wired.com,Uruguay,Universidad de la Empresa (UDE),http://apple.com,17,TRUE
138,Whitney,Plaide,wplaide48@bbb.org,United States,Eastern College,http://merriam-webster.com,153,FALSE
138,Dorree,Douty,ddouty6r@gravatar.com,Finland,University of Oulu,https://phpbb.com,244,FALSE
138,Tove,McCluskey,tmccluskeyc9@csmonitor.com,China,Northeast Normal University,http://discovery.com,442,TRUE
138,Nadiya,Cawker,ncawkerft@bing.com,Sweden,G??teborg University,https://vkontakte.ru,570,TRUE
138,Marni,Jakuszewski,mjakuszewskii1@squarespace.com,China,Central Radio and TV University,http://baidu.com,650,TRUE
138,Doll,Tunnicliffe,dtunnicliffel2@macromedia.com,Canada,Conestoga College,http://homestead.com,759,FALSE
139,Avrit,MacTrustram,amactrustram15@odnoklassniki.ru,Japan,Kamakura Women's College,http://cnn.com,42,TRUE
139,Gabriela,Spraggon,gspraggon4k@google.com.br,Poland,University of Szczecin,https://qq.com,165,FALSE
139,Konstantine,Pelling,kpelling8x@angelfire.com,Sweden,Stockholm School of Economics,http://hc360.com,322,TRUE
139,Patrizia,Stowell,pstowelldc@e-recht24.de,Brazil,Centro Universit??rio Newton Paiva,https://chronoengine.com,481,FALSE
139,Shalom,Duddy,sduddyip@dropbox.com,Sweden,University College of G??vle,https://usatoday.com,674,FALSE
140,Ericha,Gorvin,egorvin1n@people.com.cn,Somalia,Somaliland University of Technology,http://g.co,60,FALSE
140,Kayle,Wiffield,kwiffieldh2@cnet.com,Tunisia,Universit?? Ez-Zitouna,http://cornell.edu,615,TRUE
141,Pieter,Wyper,pwyper1y@exblog.jp,Portugal,Universidade Moderna de Lisboa,http://cafepress.com,71,FALSE
141,Gregorio,Drewry,gdrewry20@woothemes.com,Brazil,Universidade Federal de Juiz de Fora,http://washingtonpost.com,73,FALSE
141,Mead,Monteath,mmonteath7q@biblegateway.com,China,Zhejiang Normal University,https://shareasale.com,279,FALSE
141,Celine,Roswarne,croswarne8l@who.int,China,China Academy of Art,https://sciencedaily.com,310,FALSE
141,Burl,Sawford,bsawford8z@theguardian.com,Netherlands,Roosevelt Academy University College,http://pinterest.com,324,FALSE
141,Jayme,Dwyr,jdwyrdl@studiopress.com,Japan,Doho University,https://cpanel.net,490,TRUE
141,Royal,Kirkhouse,rkirkhousee0@prnewswire.com,Indonesia,Universitas Dr. R. Moestopo,http://bluehost.com,505,FALSE
141,Wandie,Pridding,wpriddingg9@google.co.uk,Serbia,University of Nis,https://nyu.edu,586,TRUE
141,Phyllys,Gambie,pgambiejo@ft.com,South Africa,Rhodes University,https://umich.edu,709,TRUE
141,Prescott,Devote,pdevoteka@mozilla.org,Portugal,Instituto Piaget,https://reddit.com,731,FALSE
141,Cris,Hesse,chessekh@ebay.co.uk,Jordan,Irbid National University,https://t.co,738,TRUE
141,Calida,Nolda,cnoldaks@photobucket.com,United States,Mount St. Mary's College Maryland,http://google.es,749,FALSE
143,Kristopher,Gresswell,kgresswellaj@rediff.com,Indonesia,Universitas Mahendradatta,http://soup.io,380,FALSE
143,Erskine,Banbridge,ebanbridgeek@flavors.me,New Zealand,University of Otago,http://nih.gov,525,FALSE
143,Melinde,Darch,mdarchfz@guardian.co.uk,China,Nanjing Agricultural University,https://aol.com,576,TRUE
143,Markus,Kitchen,mkitchenhs@icq.com,Peru,Universidad Privada Sergio Bernales,https://discuz.net,641,FALSE
143,Fey,Assaf,fassafli@mac.com,China,Beijing Foreign Studies University,http://parallels.com,775,FALSE
144,Findlay,Carp,fcarpb@unblog.fr,Russia,Moscow State University of Geodesy and Cartography,https://reverbnation.com,12,TRUE
144,Leese,Keough,lkeoughan@utexas.edu,Tanzania,St. Augustine University of Tanzania,https://ezinearticles.com,384,FALSE
144,Edithe,Freebury,efreeburyhm@dedecms.com,Kosovo,Goa University,http://va.gov,635,FALSE
144,Bobinette,Drayn,bdraynkq@uiuc.edu,Indonesia,Universitas Syiah Kuala,http://go.com,747,FALSE
144,Kristoffer,Songer,ksongerl6@wunderground.com,China,Jingdezhen China Institute,https://salon.com,763,TRUE
145,Claudelle,Safe,csafe3w@surveymonkey.com,France,Institut Catholique de Toulouse,http://dailymotion.com,141,TRUE
145,Janella,Blazevic,jblazevicjw@1688.com,Palestinian Territory,Islamic University of Gaza,http://unesco.org,717,FALSE
146,Raychel,Melley,rmelley3g@tripod.com,Indonesia,Institut Teknologi Sepuluh Nopember,https://hubpages.com,125,TRUE
146,Celestine,Littrell,clittrell7o@comsenz.com,Bangladesh,Queens University,https://webs.com,277,FALSE
146,Lenette,Gorick,lgorick8s@hostgator.com,Senegal,Universit?? Cheikh Anta Diop,https://prnewswire.com,317,FALSE
146,Rosalind,Di Bernardo,rdibernardokp@delicious.com,Czech Republic,Cevro Institut College,http://e-recht24.de,746,TRUE
147,Simmonds,Binham,sbinhame@theguardian.com,Indonesia,Universitas Tidar Magelang,http://trellian.com,15,TRUE
147,Holt,Gillison,hgillisondh@illinois.edu,Philippines,University of Pangasinan,https://myspace.com,486,FALSE
147,Winifred,Golthorpp,wgolthorppgg@answers.com,China,Tarim University,http://unicef.org,593,TRUE
148,Lynde,Fewtrell,lfewtrellc4@umn.edu,Russia,Cheljabinsk State University,http://sohu.com,437,FALSE
148,Gannon,Paulo,gpaulodu@goodreads.com,Russia,Nayanova University,http://phpbb.com,499,TRUE
149,Jaimie,Arrandale,jarrandale8j@vk.com,Brazil,Universidade de Ita??na,https://addtoany.com,308,FALSE
149,Bronnie,Spelwood,bspelwoodfq@icio.us,Brazil,Universidade Mackenzie,http://harvard.edu,567,TRUE
149,Berny,Gilhouley,bgilhouleyhy@wufoo.com,China,Shanghai Institue of Foreign Trade,https://imdb.com,647,TRUE
150,Delora,Immer,dimmer22@usa.gov,France,Ecole Nationale Sup??rieure des Mines de Nancy,https://storify.com,75,TRUE
150,Tobias,Ludwikiewicz,tludwikiewicz2h@de.vu,United States,Southwestern University,https://1688.com,90,FALSE
150,Gordon,Kitchenham,gkitchenham6u@biblegateway.com,Indonesia,Universitas Muhammadiyah Jember,http://hhs.gov,247,FALSE
150,Patrice,Weatherdon,pweatherdonbv@unesco.org,Portugal,Universidade Aberta Lisboa,https://list-manage.com,428,FALSE
150,Benny,Leatt,bleattjz@npr.org,China,Gansu Agricultural University,http://eventbrite.com,720,TRUE
152,Glen,Beathem,gbeathem1s@zdnet.com,Ukraine,East Ukrainian National University,http://nps.gov,65,TRUE
152,Fernande,Stickles,fstickles7f@msn.com,Philippines,University of Asia and the Pacific,http://mozilla.com,268,FALSE
152,Wynny,Graveston,wgraveston90@surveymonkey.com,Colombia,Universidad Industrial de Santander,http://elpais.com,325,FALSE
152,Marian,Dinnis,mdinnisjs@foxnews.com,Somalia,University of Hargeisa,https://census.gov,713,TRUE
154,Sigismond,Cowling,scowling8c@instagram.com,Argentina,Universidad Nacional del Sur,http://marketwatch.com,301,FALSE
154,Asa,Cellier,acellier8i@usnews.com,Japan,Yamaguchi University,https://posterous.com,307,TRUE
154,Leonidas,Suttill,lsuttillcd@nyu.edu,China,Tianjin University,https://topsy.com,446,FALSE
154,Dickie,Gallier,dgallierd9@canalblog.com,Iceland,Bifrost School of Business,http://zimbio.com,478,TRUE
154,Derrik,Espadero,despaderodn@digg.com,France,Universit?? d'Aix-Marseille III,http://issuu.com,492,TRUE
154,Wynny,Neighbour,wneighbourm6@lycos.com,Colombia,Universidad de Medell??n,https://artisteer.com,799,TRUE
155,Jody,McBean,jmcbeanfm@163.com,Philippines,Western Mindanao State University,https://shop-pro.jp,563,TRUE
156,Henrietta,Leheude,hleheude9@omniture.com,Thailand,Maejo University,http://1und1.de,10,FALSE
156,Cosmo,McCall,cmccall6v@privacy.gov.au,Brazil,Universidade Braz Cubas,https://soundcloud.com,248,FALSE
156,Lauryn,Ankers,lankersh9@vk.com,China,Hainan University,http://yelp.com,622,FALSE
156,Myrtice,Boshard,mboshardly@skype.com,Philippines,University of the Philippines Visayas,https://amazon.de,791,TRUE
157,Anderea,Feldbaum,afeldbaumb7@4shared.com,Chile,Universidad Mariano Ega??a,https://opensource.org,404,TRUE
158,Rebe,Howes,rhowesb5@icio.us,Pitcairn,Universidad La Salle,http://t-online.de,402,FALSE
158,Leonanie,Mahady,lmahadyi9@adobe.com,Poland,"Music Academy ""Karol Szymanowski"" in Katowice",http://dedecms.com,658,TRUE
158,Lucius,Graine,lgrainem5@foxnews.com,Armenia,Armenian State University of Economics,http://tinyurl.com,798,TRUE
159,Raine,Lamborne,rlamborne4w@paypal.com,China,Hebei Agricultural University,http://ovh.net,177,FALSE
159,Romain,Rogans,rrogansfe@economist.com,Poland,Jagiellonian University Cracow,http://samsung.com,555,TRUE
159,Jed,Baldrey,jbaldreyih@guardian.co.uk,Sweden,Mid-Sweden University,http://guardian.co.uk,666,FALSE
159,Jecho,Pendre,jpendrel0@google.ca,China,China USA Business University,http://infoseek.co.jp,757,TRUE
159,Eveline,Durrans,edurranslz@adobe.com,Brazil,Pontif??cia Universidade Cat??lica de Minas Gerais,https://issuu.com,792,TRUE
160,Olly,Heigho,oheigho2m@dailymotion.com,Serbia,Megatrend University of Applied Sciences,https://i2i.jp,95,TRUE
160,Marget,Kiraly,mkiraly7r@imageshack.us,Malaysia,Linton University College,http://prweb.com,280,FALSE
160,Aloisia,Eynaud,aeynaude8@php.net,Indonesia,Universitas Kristen Satya Wacana,http://java.com,513,FALSE
161,Bryna,McMickan,bmcmickanh@e-recht24.de,China,Fujian Normal University,https://census.gov,18,TRUE
161,Laverne,Kynforth,lkynforth1j@nymag.com,Tanzania,Institute of Accountancy Arusha,https://wikipedia.org,56,FALSE
161,Kyrstin,Sarfass,ksarfasscm@purevolume.com,France,Ecole Nationale Sup??rieure d'Electronique et de Radioelectricite de Grenoble,http://51.la,455,FALSE
161,Zonda,Franceschielli,zfranceschielliie@irs.gov,China,Beijing International Studies University,https://geocities.com,663,FALSE
161,Christophorus,Gonsalo,cgonsalolj@yelp.com,Saudi Arabia,Saudi Electronic University,https://quantcast.com,776,TRUE
162,Hakeem,Northcote,hnorthcotek@ustream.tv,Indonesia,Universitas Proklamasi 45,https://cbc.ca,21,FALSE
162,Charlton,Rulton,crulton63@rambler.ru,Brazil,Universidade Metodista de Piracicaba,http://techcrunch.com,220,TRUE
162,Hoebart,Billison,hbillison71@indiegogo.com,Thailand,Naresuan University,https://meetup.com,254,FALSE
162,Titus,Greenhough,tgreenhougha5@java.com,Kenya,Multimedia University of Kenya,http://theatlantic.com,366,TRUE
162,Ted,Godney,tgodneyjl@cloudflare.com,France,Ecole Nationale Sup??rieur de M??caniques et des Microtechniques,http://virginia.edu,706,FALSE
162,Shelby,Raddin,sraddinlt@odnoklassniki.ru,France,Ecole Polytechnique,http://flickr.com,786,FALSE
163,Theda,Jeannon,tjeannon4t@moonfruit.com,China,Hebei Normal University,https://abc.net.au,174,TRUE
163,Arleta,Bachelar,abachelarhk@patch.com,United Kingdom,University of Plymouth,http://lulu.com,633,FALSE
163,Harwilll,Banting,hbantingjb@vk.com,Kazakhstan,Zhetysu State University ,https://mozilla.org,696,TRUE
164,Hillary,Triggle,htriggle2a@seattletimes.com,Ethiopia,Hawassa University,https://squarespace.com,83,TRUE
164,Rosalinde,Thornhill,rthornhill94@dailymail.co.uk,China,Zhongnan University of Economics and Law,http://behance.net,329,FALSE
164,Clary,Sadry,csadryf7@fda.gov,China,Nanjing Union Theological Seminary,https://surveymonkey.com,548,FALSE
164,Alysia,Tickner,aticknergz@nytimes.com,Dominican Republic,Instituto Tecnol??gico de Santo Domingo,http://exblog.jp,612,TRUE
165,D'arcy,Atwel,datwelu@lulu.com,Indonesia,Universitas Islam Malang,https://ebay.co.uk,31,TRUE
165,Titos,Canet,tcanetbd@blogs.com,Vietnam,Ho Chi Minh City University of Social Sciences and Humanities,http://fc2.com,410,TRUE
165,Coletta,Briston,cbristoneq@howstuffworks.com,United States,Trinity College of Florida,http://hud.gov,531,TRUE
165,Elisa,Duddle,eduddlegj@gov.uk,Ukraine,National University of Shipbuilding,http://joomla.org,596,TRUE
165,Natalina,Thebeaud,nthebeaudhj@seesaa.net,Indonesia,Universitas Kristen Krida Wacana,https://ibm.com,632,FALSE
166,Nell,Scroggs,nscroggs1i@bloomberg.com,Brazil,Centro Universit??rio Barao de Maua,http://merriam-webster.com,55,FALSE
166,Frank,Roderigo,froderigohv@blog.com,Poland,University of Gdansk,http://home.pl,644,FALSE
166,Ryon,Melbert,rmelbertim@jigsy.com,Cuba,Universidad de Holgu??n,http://cocolog-nifty.com,671,FALSE
166,Mufinella,O Mullen,momullenku@icq.com,Portugal,Instituto Polit??cnico de Bragan??a,https://nature.com,751,TRUE
167,Augustine,Sebastian,asebastian1c@e-recht24.de,Sudan,Omdurman Ahlia University,https://e-recht24.de,49,FALSE
167,Marquita,Newns,mnewns5l@tumblr.com,Albania,"University of Elbasan ""Aleksander Xhuvani""",http://marriott.com,202,TRUE
167,Deny,Varran,dvarrana8@indiatimes.com,Serbia,Privredna Akademija (Business Academy),https://nymag.com,369,FALSE
167,Creighton,Tolliday,ctollidayfa@gnu.org,Russia,Vaganova Academy of Russian Ballet,https://friendfeed.com,551,FALSE
167,Cheri,Spriggin,csprigginju@yelp.com,Russia,Rostov State University,http://yandex.ru,715,TRUE
168,Templeton,Skippon,tskippon4g@bloomberg.com,Russia,Nizhny Novgorod State Architectural - Building University,http://guardian.co.uk,161,FALSE
168,Bobbee,McAdam,bmcadam79@yellowpages.com,Japan,Otani University,https://privacy.gov.au,262,TRUE
168,Caspar,Tait,ctait9m@baidu.com,Libya,Sirte University,https://de.vu,347,FALSE
168,Winifred,Yakuntsov,wyakuntsovhc@t.co,China,Jilin Agricultural University,https://wix.com,625,TRUE
168,Freida,Scallon,fscalloni5@furl.net,Russia,Baikal National University of Economics and Law,http://artisteer.com,654,FALSE
168,Lucho,Bolland,lbollandkd@booking.com,Ukraine,Sumy National Agrarian University,http://google.it,734,TRUE
169,Cati,Fettis,cfettisff@dedecms.com,Argentina,Instituto Universitario Nacional del Arte,http://icq.com,556,FALSE
169,Allayne,Revill,arevillgc@soup.io,Argentina,Universidad Nacional de General San Mart??n,https://ca.gov,589,FALSE
169,Lynnet,Abramino,labraminoh6@goo.gl,Brazil,Universidade do Estado da Bahia,https://google.com,619,FALSE
170,Ora,Thomkins,othomkins26@prnewswire.com,China,Xi'an University of Architecture and Technology,http://amazon.co.jp,79,TRUE
170,Bev,Drezzer,bdrezzergr@census.gov,China,Chongqing Medical University,http://dedecms.com,604,TRUE
171,Devonne,Michieli,dmichieli5e@dailymotion.com,Thailand,Kasem Bundit University,https://delicious.com,195,TRUE
171,Rayner,Iacobini,riacobinicu@wufoo.com,Canada,McGill University,https://ycombinator.com,463,FALSE
171,Peggi,McSporon,pmcsporoni4@multiply.com,Panama,Columbus University,https://thetimes.co.uk,653,TRUE
172,Helene,Cutchey,hcutcheyt@biblegateway.com,China,Shandong Agricultural University,http://shop-pro.jp,30,TRUE
173,Merle,Heavyside,mheavyside38@tinypic.com,Ukraine,Bila Cerkva State Agrarian University,https://mapy.cz,117,FALSE
173,Hugibert,Farrington,hfarrington66@sciencedaily.com,China,Inner Mongolia Polytechnic University,http://macromedia.com,223,TRUE
173,Jeramie,Defau,jdefau7v@state.gov,Philippines,Isabela State University,http://jugem.jp,284,FALSE
173,Abel,Eager,aeager9p@theglobeandmail.com,Mexico,Universidad Pedag??gica Nacional,http://spiegel.de,350,FALSE
173,Barbara-anne,Glanz,bglanzd3@bloglines.com,Philippines,University of Eastern Philippines,http://imageshack.us,472,FALSE
173,Alisander,Blackway,ablackwayd5@ustream.tv,China,Liaoning Normal University,http://europa.eu,474,FALSE
173,Darren,Adolfsen,dadolfsenhb@elegantthemes.com,Sweden,V??xj?? University,http://ibm.com,624,FALSE
174,Clim,Sabati,csabati36@umich.edu,Russia,Kazan State Pedagogical University,http://hhs.gov,115,TRUE
174,Alyce,Mogra,amograbx@go.com,Peru,Universidad Tecnol??gica de los Andes de Apur??mac,http://cargocollective.com,430,FALSE
174,Mariellen,Cleator,mcleatorc1@list-manage.com,United States,Oberlin College,https://wufoo.com,434,FALSE
174,Kaila,Coleman,kcolemanck@huffingtonpost.com,Cape Verde,Universidade Jean Piaget de Cabo Verde,https://redcross.org,453,TRUE
175,Roseanne,Ditchett,rditchett6b@miibeian.gov.cn,Mexico,Universidad Nacional Aut??noma de M??xico,https://eventbrite.com,228,FALSE
175,Shurwood,Biner,sbinerb0@globo.com,Vietnam,Vietnam National University of Agriculture,https://wsj.com,397,FALSE
175,Jerome,Grolle,jgrollelo@acquirethisname.com,Indonesia,Universitas Merdeka Madiun,https://google.co.uk,781,FALSE
176,Elvina,Fossett,efossett35@storify.com,Ukraine,Kiev National Economic University Named after Vadym Hetman,https://yolasite.com,114,FALSE
177,Yorgos,Killingback,ykillingback6@pinterest.com,Philippines,University of the Philippines Mindanao,https://ibm.com,7,FALSE
177,Catriona,Nowell,cnowell1p@sciencedirect.com,Colombia,Universidad Antonio Nari??o,https://shutterfly.com,62,TRUE
177,Simonette,De Bruyn,sdebruyn4p@myspace.com,Indonesia,Universitas Katolik Parahyangan,https://constantcontact.com,170,FALSE
177,Vidovic,Piffe,vpiffeba@netscape.com,China,Tibet University,http://dailymail.co.uk,407,FALSE
177,Lezlie,Crutchfield,lcrutchfieldhi@washington.edu,Vietnam,Hanoi National Economics University,https://nih.gov,631,FALSE
178,Felice,Loudyan,floudyan6t@clickbank.net,Syria,International University for Science & Technology ,https://csmonitor.com,246,TRUE
178,Aleece,Brisley,abrisleyfb@marketwatch.com,Denmark,Copenhagen University,http://abc.net.au,552,FALSE
178,Reinhard,Lloyd,rlloydfp@engadget.com,Serbia,University of Nis,https://ft.com,566,TRUE
178,Fowler,Yalden,fyaldenh3@pbs.org,Portugal,Universidade do Algarve,https://instagram.com,616,FALSE
179,Zita,Bevington,zbevingtonfc@prnewswire.com,China,Shaanxi Normal University,https://marketwatch.com,553,FALSE
179,Gusta,Karlmann,gkarlmannji@phpbb.com,United States,"City University of New York, York College",http://economist.com,703,TRUE
179,Andeee,Feldon,afeldonla@twitpic.com,France,Universit?? du Droit et de la Sante (Lille II),http://dmoz.org,767,TRUE
180,Rickie,Gerrietz,rgerrietz87@so-net.ne.jp,Iran,Razi University,http://arstechnica.com,296,FALSE
180,Dall,Marritt,dmarritt8r@myspace.com,France,Universit?? Robert Schuman (Strasbourg III),http://lycos.com,316,TRUE
180,Melesa,Blague,mblagueb8@sfgate.com,Germany,Evangelische Fachhochschule Hannover,http://360.cn,405,TRUE
180,Dorry,Brasner,dbrasnered@acquirethisname.com,China,Shanghai TieDao University,https://mozilla.com,518,TRUE
180,Felicio,Iorizzo,fiorizzoja@moonfruit.com,Greece,Agricultural University of Athens,https://nationalgeographic.com,695,FALSE
181,Melba,Larkins,mlarkins4q@si.edu,Indonesia,Universitas Palangka Raya,https://slashdot.org,171,TRUE
181,Leola,Seldner,lseldner59@amazonaws.com,Nigeria,Tansian University,http://europa.eu,190,FALSE
181,Eva,Terry,eterry8t@pen.io,China,Chongqing University,https://harvard.edu,318,TRUE
182,Boot,Cleall,bcleall14@tmall.com,Canada,St. Mary's University,http://people.com.cn,41,FALSE
182,Berte,Lomax,blomaxcr@shutterfly.com,China,Nanjing University of Posts and Telecommunications,https://creativecommons.org,460,TRUE
182,Omero,O'Hagan,oohagandi@typepad.com,Indonesia,Universitas Gajayana Malang,https://hibu.com,487,FALSE
182,Lurlene,Greatbanks,lgreatbanksfu@earthlink.net,Philippines,Ateneo de Naga University,http://jugem.jp,571,FALSE
183,Latrena,Klewi,lklewi1m@ucoz.com,China,Southern Medial University,http://ifeng.com,59,FALSE
183,Kathryn,Plumptre,kplumptreca@geocities.jp,Vietnam,Can-Tho University,http://state.gov,443,FALSE
183,George,Strickler,gstricklerfx@skype.com,Yemen,Sana'a University,http://bluehost.com,574,TRUE
184,Marja,Waterland,mwaterlandgb@chronoengine.com,Jordan,Middle East University,http://sciencedaily.com,588,TRUE
185,Helaine,MacKartan,hmackartanm1@vkontakte.ru,Indonesia,Universitas Mercu Buana,http://nps.gov,794,FALSE
186,Kelbee,Widdicombe,kwiddicombe75@posterous.com,Indonesia,Universitas Negeri Makassar,http://nbcnews.com,258,TRUE
186,Vic,Rodden,vroddencz@netlog.com,China,Shanghai Institue of Foreign Trade,http://hibu.com,468,FALSE
186,Charley,Gratton,cgrattonga@plala.or.jp,Bolivia,Universidad Mayor de San Sim??n,https://jigsy.com,587,TRUE
186,Paige,Dullingham,pdullinghami6@umn.edu,Japan,Kobe University,https://chicagotribune.com,655,TRUE
186,Arlana,Heamus,aheamusj3@accuweather.com,Colombia,Universidad Santo Tom??s,https://furl.net,688,FALSE
187,Belva,Vairow,bvairow7l@cloudflare.com,Greece,Technological Education Institute of Piraeus,http://scribd.com,274,FALSE
187,Buffy,Klezmski,bklezmskiai@yandex.ru,Indonesia,Universitas Islam Sultan Agung,https://paginegialle.it,379,FALSE
187,Nefen,Sodory,nsodorym4@china.com.cn,Uganda,Mutesa 1 Royal University,https://walmart.com,797,FALSE
188,Horton,Chasmoor,hchasmoor45@bing.com,Mexico,Universidad de Guadalajara,https://pbs.org,150,TRUE
188,Creighton,McKissack,cmckissack62@jalbum.net,Ukraine,Poltava University of Consumer Cooperatives in Ukraine,http://twitter.com,219,FALSE
189,Hughie,Benech,hbenechr@europa.eu,Portugal,Instituto Superior de Sa??de do Alto Ave,https://linkedin.com,28,TRUE
189,Maurita,Houndson,mhoundson21@weebly.com,Argentina,Universidad Nacional de San Juan,http://purevolume.com,74,FALSE
189,Ced,Portlock,cportlock5o@vkontakte.ru,Poland,Agricultural University of Warsaw,http://statcounter.com,205,FALSE
189,Bertina,Grigoroni,bgrigoronibf@plala.or.jp,Serbia,University of Pri??tina,http://apple.com,412,FALSE
190,Alister,Logan,alogan33@fda.gov,China,Tianjin University of Technology,https://google.it,112,TRUE
190,Gabriello,Cassidy,gcassidy6m@ning.com,Brazil,Universidade Federal do Esp??rito Santo,https://live.com,239,FALSE
191,Timothy,Parkin,tparkinem@examiner.com,United States,Brooks Institute of Photography,https://sun.com,527,TRUE
191,Eydie,Gages,egageslf@hao123.com,Georgia,University of Grigol Robakidze,https://goo.gl,772,FALSE
192,Amandi,Dawidowitz,adawidowitz32@amazon.com,Poland,Pedagogical University of the Polish Association for Adult Education in Warsaw,http://moonfruit.com,111,TRUE
192,Tobe,Bonds,tbonds7p@edublogs.org,Argentina,Universidad Cat??lica Argentina Santa Maria de los Buenos Aires,https://friendfeed.com,278,TRUE
192,Lou,Piatkow,lpiatkowir@t-online.de,Russia,Taganrog State University of Radioengineering,https://meetup.com,676,TRUE
193,Roxanne,Stagge,rstagge4s@wikipedia.org,Colombia,Centro de Estudios Investigaci??n y Tecnolog??a (CEIT),https://oaic.gov.au,173,TRUE
193,Otha,Norgan,onorgan7x@hostgator.com,Sri Lanka,Buddhist and Pali University of Sri Lanka,https://blogtalkradio.com,286,FALSE
194,Sully,Cramond,scramond1g@yahoo.co.jp,Russia,St. Petersburg State Academy for Engineering Economics (ENGECON),https://hubpages.com,53,TRUE
194,Rayshell,Delucia,rdelucia29@ask.com,Republic of the Congo,University Marien Ngouabi Brazzaville,https://bbb.org,82,TRUE
194,Mellisent,Hearne,mhearne8p@wordpress.org,China,Chongqing Normal University Foreign Trade and Business College,https://hp.com,314,TRUE
194,Barbaraanne,Clacey,bclaceyaa@gravatar.com,Russia,Kuzbass State Technical University,http://prweb.com,371,TRUE
194,Perrine,Davidi,pdavidich@cdbaby.com,Poland,Silesian School of Economics and Languages,http://zdnet.com,450,TRUE
195,Gertrudis,Kilgallen,gkilgallenx@eepurl.com,Philippines,Western Mindanao State University,http://jiathis.com,34,TRUE
195,Wylma,McCarroll,wmccarroll7z@prlog.org,Madagascar,Universit?? de Toliary,https://google.co.uk,288,FALSE
195,Mercie,Morgon,mmorgonbe@archive.org,Japan,Tokyo Women's College of Physical Education,https://wikipedia.org,411,TRUE
195,Karine,Lent,klentbh@admin.ch,China,University of Electronic Science and Technology of China,http://mlb.com,414,TRUE
195,Rodrick,Brobyn,rbrobynen@oakley.com,United States,Oklahoma State University - Tulsa,http://arstechnica.com,528,TRUE
195,Lexi,MacGaughy,lmacgaughyia@mtv.com,Indonesia,Universitas Merdeka Malang,https://mtv.com,659,TRUE
196,Rodolfo,Ainslee,rainslee8k@state.tx.us,Honduras,Universidad de San Pedro Sula,https://nyu.edu,309,TRUE
196,Dre,Womersley,dwomersleyaw@washingtonpost.com,Philippines,Ateneo de Manila University,http://jalbum.net,393,TRUE
196,Caryl,Beekmann,cbeekmannei@mac.com,China,Buddhist Acamedy of China,http://army.mil,523,FALSE
196,Andriana,Griniov,agriniovh5@mlb.com,United States,East Texas Baptist University,https://multiply.com,618,TRUE
197,Daffi,Stimpson,dstimpson1v@fda.gov,Panama,Universidad de Cartago,https://liveinternet.ru,68,FALSE
197,Corabella,Kirstein,ckirstein3k@smh.com.au,Indonesia,Universitas Udayana,https://ed.gov,129,TRUE
197,Fanechka,Swalwell,fswalwell4y@about.me,China,Guangdong Polytechnic Normal University,https://nyu.edu,179,FALSE
197,Thaddeus,Boice,tboicear@nps.gov,Indonesia,Universitas Padjadjaran,http://usatoday.com,388,TRUE
197,Gib,Godney,ggodneyg7@blogtalkradio.com,Poland,Pedagogical University of Kielce,http://google.com.br,584,TRUE
197,Karilynn,Reubbens,kreubbensg8@diigo.com,Ukraine,Poltava National Technical University,https://mediafire.com,585,FALSE
197,Torre,Bingell,tbingelljc@csmonitor.com,Democratic Republic of the Congo,Universit?? Chr??tienne Bilingue du Congo,https://parallels.com,697,FALSE
197,Marietta,Harrowell,mharrowellje@wikipedia.org,China,Shandong University of Art and Design,https://google.pl,699,TRUE
197,Monty,Coldbathe,mcoldbathel5@last.fm,Indonesia,Universitas Hasanuddin,http://sbwire.com,762,TRUE
198,Abel,Sweeting,asweeting16@redcross.org,Philippines,Northwestern University of the Philippines,http://rambler.ru,43,TRUE
198,Vanya,Standish,vstandish3s@jiathis.com,China,Chongqing Three Gorges University,https://ucla.edu,137,FALSE
198,Harlene,Gogin,hgogin9u@tuttocitta.it,Indonesia,STMIK AMIKOM Yogyakarta,http://opera.com,355,TRUE
198,Phyllida,Moens,pmoensbl@hexun.com,Malta,European Institute of Education,http://ovh.net,418,FALSE
198,Erv,Zwicker,ezwickerc6@wikia.com,Czech Republic,University of New York in Prague,https://wikispaces.com,439,TRUE
199,Susy,Verdun,sverdun3n@symantec.com,Philippines,Feati University,https://google.co.jp,132,TRUE
199,Starr,Bebbell,sbebbelle2@hatena.ne.jp,Chile,Universidad Tecnol??gica Metropolitana,https://squarespace.com,507,TRUE
199,Tarah,Crehan,tcrehanj4@mail.ru,China,Tianjin University of Finance & Economics,https://hatena.ne.jp,689,FALSE
200,Stormy,Croom,scroom56@facebook.com,Japan,Wako University,http://ted.com,187,TRUE
200,Benji,Heritege,bheritege5r@state.tx.us,Mexico,Universidad de la Sierra A.C.,http://taobao.com,208,TRUE
200,Bastien,Stansby,bstansby98@weather.com,Uganda,Busitema University,http://blog.com,333,TRUE
200,Ric,Artus,rartusi8@youtu.be,Vietnam,Foreign Trade University,http://shutterfly.com,657,TRUE
201,Reginauld,Santos,rsantosl3@unesco.org,United States,St. Joseph's College New York,http://phoca.cz,760,TRUE
202,Brockie,Askell,baskell84@domainmarket.com,China,Chongqing University,http://foxnews.com,293,TRUE
202,Eberhard,Goeff,egoeffio@unc.edu,Indonesia,Universitas Palangka Raya,https://shareasale.com,673,TRUE
203,Geneva,Brussell,gbrusselles@eventbrite.com,Portugal,Instituto Polit??cnico de Coimbra,https://printfriendly.com,533,FALSE
204,Terri,Duplan,tduplan5q@usatoday.com,China,Guangdong Polytechnic Normal University,http://163.com,207,FALSE
204,Francine,Kordes,fkordesa1@irs.gov,United States,Berne University,https://google.cn,362,TRUE
204,Bancroft,Tebbet,btebbetee@un.org,Indonesia,Politeknik Negeri Bandung,http://github.com,519,TRUE
204,Selig,Wordington,swordingtongw@bluehost.com,China,Wuhan Technical University of Surveying and Mapping,http://ucla.edu,609,TRUE
204,Merrily,Crumby,mcrumbyll@loc.gov,France,Ecole Sup??rieure d'Ing??nieurs en Electronique et Electrotechnique,http://cmu.edu,778,TRUE
205,Ely,McClenan,emcclenan7@163.com,Slovenia,University of Nova Gorica,https://hubpages.com,8,FALSE
205,Dorree,Currier,dcurrier9a@aol.com,Czech Republic,Technical University of Liberec,http://discovery.com,335,FALSE
206,Charlena,Kensall,ckensall6f@pcworld.com,Japan,Aomori University of Health and Welfare,http://sourceforge.net,232,TRUE
206,Abrahan,Hriinchenko,ahriinchenkoe1@nifty.com,Canada,University College of the Cariboo,https://mediafire.com,506,FALSE
207,Francine,Greenier,fgreenier6p@merriam-webster.com,Albania,University of Tirana,https://theguardian.com,242,FALSE
207,Abram,Philippson,aphilippsonak@symantec.com,United States,Western New Mexico University,http://msn.com,381,TRUE
207,Ford,Cantor,fcantorc5@mediafire.com,Mongolia,Mongolian National University,http://elegantthemes.com,438,FALSE
207,Becka,Larcombe,blarcombehl@google.com.br,Afghanistan,Badakhshan University,https://loc.gov,634,TRUE
207,Wilfred,Bromige,wbromigeit@bloglovin.com,Indonesia,Politeknik Negeri Sambas,https://blogtalkradio.com,678,TRUE
207,Harwilll,Dummer,hdummerj1@businesswire.com,China,3rd Military Medical University,https://home.pl,686,TRUE
207,Rolando,Sangster,rsangsterjk@amazonaws.com,France,??cole Nationale Sup??rieure d'Ing??nieurs de Constructions A??ronautiques,http://github.io,705,FALSE
208,Franky,Van Giffen,fvangiffenv@ibm.com,Indonesia,Universitas Sanata Dharma,http://ebay.co.uk,32,FALSE
208,Oralia,Waren,owaren7c@springer.com,China,Anhui University of Finance and Economics,http://fema.gov,265,FALSE
208,Norby,Aldridge,naldridgeag@google.ca,Poland,Technical University of Rzeszow,https://dagondesign.com,377,FALSE
208,Albrecht,Renfrew,arenfrewgv@ycombinator.com,Finland,Helsinki University of Technology,http://techcrunch.com,608,TRUE
208,Syd,McAline,smcalinej5@abc.net.au,China,Guangzhou University of Traditional Chinese Medicine,http://123-reg.co.uk,690,TRUE
209,Nelle,Briddle,nbriddleq@freewebs.com,Indonesia,Unitomo Surabaya,https://home.pl,27,FALSE
209,Krystal,Pillman,kpillman6g@sakura.ne.jp,Portugal,Instituto Superior de Assistentes e Int??rpretes,https://buzzfeed.com,233,TRUE
209,Elmo,MacCarrane,emaccarranecj@zimbio.com,China,Chongqing Normal University Foreign Trade and Business College,http://blogspot.com,452,FALSE
210,Westleigh,Arend,warend46@weibo.com,Brazil,Universidade Federal de Pelotas,https://xrea.com,151,TRUE
210,Silvester,Arthur,sarthur7t@kickstarter.com,France,Universit?? de Provence (Aix-Marseille I),https://dion.ne.jp,282,FALSE
210,Bibi,Riddick,briddick9b@nih.gov,China,Yunnan University,https://eventbrite.com,336,TRUE
210,Roanna,Loughlin,rloughlink5@comcast.net,China,Guangzhou University,http://mysql.com,726,FALSE
211,Malinda,Rodrig,mrodrig2@foxnews.com,Ghana,Koforidua Polytechnic ,https://wired.com,3,FALSE
211,Giralda,Sargint,gsargint2k@domainmarket.com,China,South China Normal University,https://wordpress.com,93,TRUE
211,Adina,Limming,alimming5v@ehow.com,Indonesia,Universitas Trilogi,https://icq.com,212,TRUE
212,Em,Trimble,etrimbleb2@tiny.cc,China,Central University for Nationalities,http://weather.com,399,TRUE
213,Denys,Goodridge,dgoodridged8@trellian.com,Portugal,Universidade da Beira Interior,http://drupal.org,477,FALSE
214,Shalom,Ridding,sridding5h@last.fm,Serbia,University of Kragujevac,http://google.fr,198,FALSE
214,Walton,Loudian,wloudian7k@flickr.com,Indonesia,Universitas Katolik Indonesia Atma Jaya,https://networksolutions.com,273,TRUE
215,Keriann,Hards,khardsby@mapquest.com,China,Zhejiang Forestry University,https://ehow.com,431,TRUE
215,Corabella,Howey,choweyf5@apple.com,Portugal,Escola Superior de Hotelaria e Turismo do Estoril,https://businesswire.com,546,TRUE
216,Luci,Mourge,lmourge1e@trellian.com,United States,ITT Technical Institute West Covina,https://ehow.com,51,TRUE
216,Yoshi,Newgrosh,ynewgrosh2y@alibaba.com,China,Xi'an International Studies University,http://tuttocitta.it,107,FALSE
216,Andrey,Derricoat,aderricoatbb@samsung.com,Philippines,Davao Doctors College,http://craigslist.org,408,FALSE
216,Rea,Ramage,rramagef2@ucoz.ru,Afghanistan,Kabul Medical University,https://tmall.com,543,FALSE
216,Dorthy,Belfrage,dbelfragelq@nydailynews.com,Poland,Higher School o Business in Tarnow,http://github.com,783,FALSE
217,Jared,Szepe,jszepeo@ca.gov,Ukraine,National University of Ostroh Academy,https://time.com,25,FALSE
217,Bernadine,Redmain,bredmain6k@infoseek.co.jp,China,Inner Mongolia University,http://whitehouse.gov,237,FALSE
218,Maritsa,Winnister,mwinnister4a@bbc.co.uk,China,Wuhan University,https://state.tx.us,155,FALSE
218,Johan,Hirschmann,jhirschmannfn@ted.com,Finland,Satakunta University Of Applied Scinces,http://nature.com,564,TRUE
219,Hailey,Gimert,hgimert4d@sbwire.com,France,Ecole Sup??rieure des Sciences Commerciales d'Angers,https://seattletimes.com,158,FALSE
219,Jerri,Dingwall,jdingwall51@cocolog-nifty.com,China,Chongqing Technology and Business University,http://usgs.gov,182,FALSE
219,Brenna,Cookley,bcookleyf3@whitehouse.gov,Kuwait,Kuwait International Law School,https://friendfeed.com,544,FALSE
219,Ellene,Furlong,efurlongik@istockphoto.com,Poland,Technical University of Opole,http://tinyurl.com,669,TRUE
219,Minerva,Lill,mlillm3@mlb.com,Portugal,Universidade Portucalense Infante D. Henrique,https://xinhuanet.com,796,TRUE
220,Edvard,Danels,edanels8d@de.vu,Indonesia,Universitas Narotama,http://xrea.com,302,FALSE
220,Bud,McIlwraith,bmcilwraithjd@fema.gov,Philippines,Far Eastern University,https://goodreads.com,698,TRUE
221,Blinni,Povlsen,bpovlsen3x@tiny.cc,Philippines,University of Southern Mindanao,http://fotki.com,142,TRUE
223,Westleigh,Wavish,wwavishfl@microsoft.com,New Caledonia,University of New Caledonia,https://liveinternet.ru,562,FALSE
224,Gwendolin,Pithcock,gpithcock2c@goo.gl,Indonesia,Universitas Katolik Soegijapranoto,https://ow.ly,85,TRUE
224,Bee,Etchells,betchells2f@gmpg.org,Canada,York University,https://linkedin.com,88,TRUE
224,Fayina,Wilstead,fwilstead80@jimdo.com,Poland,"Music Academy ""Karol Szymanowski"" in Katowice",http://sfgate.com,289,TRUE
224,Lyda,Prewer,lprewerae@blogspot.com,Cape Verde,Universidade Jean Piaget de Cabo Verde,http://columbia.edu,375,FALSE
225,Birch,Erlam,berlam1x@npr.org,Indonesia,Politeknik Negeri Jakarta,https://businessweek.com,70,TRUE
225,Noelyn,Bruyntjes,nbruyntjes92@rakuten.co.jp,Yemen,Hadhramout University of Science and Technology ,https://time.com,327,TRUE
225,Bendite,Chalke,bchalkehx@harvard.edu,Cameroon,Universit?? de Yaound?? I,http://diigo.com,646,FALSE
225,Richart,Thurstan,rthurstanlp@macromedia.com,Indonesia,Politeknik Negeri Semarang,https://qq.com,782,FALSE
226,Katti,Goretti,kgoretti1r@theatlantic.com,Netherlands,Hogeschool Rotterdam,https://bravesites.com,64,FALSE
226,Victor,Sharphurst,vsharphurst82@mysql.com,Philippines,Ateneo de Zamboanga University,https://japanpost.jp,291,TRUE
226,Fanchette,Vasler,fvaslerd0@omniture.com,United States,Azusa Pacific University,http://google.com.br,469,FALSE
226,Belia,Arnoldi,barnoldifi@google.it,Indonesia,Universitas Pattimura,https://reverbnation.com,559,FALSE
226,Alina,Pecha,apechagp@google.de,Sweden,G??teborg University,http://artisteer.com,602,TRUE
227,Merle,Taill,mtaills@si.edu,Portugal,Instituto Superior de Tecnologias Avan??adas - ISTEC,http://intel.com,29,TRUE
227,Travers,Peterson,tpeterson28@unicef.org,China,Xi'an University of Technology,https://joomla.org,81,FALSE
227,Cesaro,Bernardet,cbernardet4l@mail.ru,Ukraine,Kharkiv National University of Economics,https://jugem.jp,166,FALSE
227,Loren,Curd,lcurd8h@alexa.com,Canada,Mount Allison University,http://cocolog-nifty.com,306,TRUE
227,Galven,McSporon,gmcsporonfr@trellian.com,Philippines,Saint Louis College,https://ebay.com,568,TRUE
227,Regen,Ollivier,rollivierj6@epa.gov,Cape Verde,Universidade Jean Piaget de Cabo Verde,http://ihg.com,691,TRUE
227,Dehlia,Matthew,dmatthewj8@myspace.com,Ethiopia,Wolaita Sodo University,http://ocn.ne.jp,693,TRUE
227,Rhoda,Riddles,rriddleslx@chicagotribune.com,Serbia,University of Fine Arts Belgrade,http://plala.or.jp,790,TRUE
228,Rabbi,Hitter,rhitter1a@java.com,Sweden,M??lardalen University,http://privacy.gov.au,47,FALSE
228,Danit,Eastbrook,deastbrook5i@jalbum.net,Indonesia,Universitas Yarsi,https://diigo.com,199,TRUE
228,Adolph,Lages,alages7j@list-manage.com,Pakistan,University of Lahore,http://cdbaby.com,272,FALSE
228,Angy,Kittredge,akittredgefk@slate.com,Sweden,V??xj?? University,https://nyu.edu,561,TRUE
229,Jacqueline,Blinkhorn,jblinkhorn1b@sbwire.com,France,Ecole d'Ing??nieurs en Informatique pour l'Industrie,https://gmpg.org,48,FALSE
229,Xenia,Bissex,xbissex4m@ehow.com,Russia,Finance Academy,https://jimdo.com,167,TRUE
230,Quinta,Rosle,qrosle58@xinhuanet.com,Indonesia,Universitas Amir Hamzah,https://vkontakte.ru,189,TRUE
230,Adolphus,Berkley,aberkleyid@freewebs.com,Philippines,University of the Assumption,http://wordpress.com,662,TRUE
232,Colas,Seczyk,cseczyk2e@booking.com,China,South China University of Technology,http://adobe.com,87,FALSE
232,Babb,McGrae,bmcgrae6a@forbes.com,Russia,Immanuel Kant State University of Russia,https://1688.com,227,FALSE
232,Merrily,Denyer,mdenyerjh@tinypic.com,Russia,Herzen State Pedagogical University of Russia,http://noaa.gov,702,TRUE
233,Lyn,Elsegood,lelsegood4u@istockphoto.com,Denmark,Royal School of Library and Information Science,http://icio.us,175,FALSE
233,Ninnetta,Bockett,nbockettis@washington.edu,Botswana,ABM University College,https://live.com,677,FALSE
234,Stephanie,Mildmott,smildmott1w@omniture.com,Philippines,University of Perpetual Help,https://google.com,69,FALSE
234,Regina,Proby,rprobyij@google.de,France,Ecole Fran??aise de Papeterie et des Industries Graphiques,http://sciencedirect.com,668,FALSE
234,Pauly,Anney,panneyiy@upenn.edu,China,Yan'an University,https://feedburner.com,683,TRUE
235,Hamnet,Rao,hrao9i@vimeo.com,Indonesia,Universitas Jambi,http://psu.edu,343,FALSE
236,Reynolds,Ainslee,rainsleel@abc.net.au,Russia,Samara State Technical University,http://squidoo.com,22,FALSE
236,Ruthie,Jolly,rjolly1z@amazon.co.jp,Russia,Penza State University,http://umn.edu,72,FALSE
236,Erwin,Houten,ehouten6z@geocities.jp,Colombia,Fundaci??n Universitaria Luis Amig??,https://cnbc.com,252,TRUE
236,Kelsy,Streader,kstreader77@hexun.com,Portugal,Universidade do Algarve,http://sohu.com,260,FALSE
236,Boote,Querrard,bquerrard81@ifeng.com,Latvia,Daugavpils University,https://last.fm,290,FALSE
236,Hally,Orhrt,horhrtgh@businessinsider.com,Greece,Technological Education Institute of Patras,https://diigo.com,594,FALSE
236,Skye,Hedman,shedmanhg@blogger.com,Uganda,Kampala International University,http://kickstarter.com,629,TRUE
236,Christel,Guerry,cguerryjn@pen.io,Mexico,Universidad del Mar,https://ox.ac.uk,708,FALSE
236,Bird,Jenkerson,bjenkersonkk@theguardian.com,Chile,Universidad Diego Portales,http://soundcloud.com,741,FALSE
237,Claiborn,Dubble,cdubble5w@google.it,Poland,Catholic University of Lublin,https://oracle.com,213,FALSE
237,Ermengarde,Fernely,efernelygx@google.com.hk,Bosnia and Herzegovina,"Univerzitet u Mostaru ""Dzemal Bijedic""",http://flavors.me,610,FALSE
238,Ash,Fawdrie,afawdrieal@usda.gov,Philippines,New Era University,https://yahoo.com,382,TRUE
238,Francisca,Hindsberg,fhindsbergfo@google.cn,Czech Republic,"University of Northern Virginia, Prague Campus",http://loc.gov,565,FALSE
239,Fons,Grutchfield,fgrutchfield85@wikimedia.org,Argentina,Universidad ISALUD,https://unblog.fr,294,FALSE
240,Jacobo,Crone,jcronep@a8.net,China,Shanghai Second Medical University,https://wikimedia.org,26,TRUE
240,Eugine,Portail,eportail23@infoseek.co.jp,Philippines,Silliman University,http://purevolume.com,76,TRUE
240,Jenna,Dislee,jdislee3e@hp.com,France,Institut d'Etudes Politiques de Paris (Sciences Po),https://census.gov,123,TRUE
240,Vasily,Denyagin,vdenyagin3u@ebay.com,Ukraine,State Pedagogical University in Kryvyi Rih,https://nyu.edu,139,TRUE
240,Martie,Hallin,mhallin95@noaa.gov,China,Xi'an Jiaotong University,http://sciencedirect.com,330,FALSE
240,Marcella,Easlea,measlea9c@senate.gov,Saint Vincent and the Grenadines,Trinity University School of Medicine,http://stanford.edu,337,FALSE
240,Adolf,Ranstead,aransteadc8@furl.net,Brazil,Centro Universit??rio Monte Serrat,http://theglobeandmail.com,441,FALSE
240,Holly-anne,Hallgath,hhallgathkz@ebay.com,Indonesia,Politeknik Negeri Lhokseumawe,http://narod.ru,756,FALSE
241,Barde,Pavlovsky,bpavlovsky3v@noaa.gov,Italy,Polytechnic Institute of Milan,http://bbc.co.uk,140,TRUE
241,Sigvard,Boot,sboot8u@dailymotion.com,Portugal,Universidade do Porto,http://unblog.fr,319,TRUE
241,Eduard,Trevaskis,etrevaskis9w@who.int,Thailand,Siam University,https://meetup.com,357,TRUE
241,Rodd,Heningam,rheningamjg@smugmug.com,Honduras,Universidad Tecnol??gica Centroamericana,https://mysql.com,701,FALSE
242,Kikelia,Helliker,khelliker25@e-recht24.de,Ukraine,National Technical University (Kiev Politechnical Institute),http://sakura.ne.jp,78,TRUE
242,Alvis,Ditzel,aditzel8b@w3.org,Sweden,Umea University,http://umn.edu,300,TRUE
242,Sandi,Siggee,ssiggee9g@sbwire.com,China,Shanghai Lida Polytechnic Institute,http://google.it,341,FALSE
242,Oswald,Spadoni,ospadoniii@tuttocitta.it,Russia,Udmurt State University,https://miitbeian.gov.cn,667,FALSE
242,Kelby,Farragher,kfarragherjr@phoca.cz,Indonesia,Universitas Negeri Manado,https://discovery.com,712,FALSE
244,Meryl,Cayzer,mcayzer57@techcrunch.com,China,Shanghai Television University,http://google.com.hk,188,TRUE
245,Shaughn,Wasiel,swasielct@bbc.co.uk,Indonesia,Universitas Merdeka Malang,https://engadget.com,462,TRUE
245,Lewes,Veljes,lveljesif@mac.com,Czech Republic,Cevro Institut College,http://yellowbook.com,664,TRUE
245,Welbie,Guitton,wguittonk1@51.la,Indonesia,Universitas Mataram,https://engadget.com,722,TRUE
246,Maxwell,Porritt,mporritt1d@plala.or.jp,Japan,Hokkaido Institute of Technology,http://ca.gov,50,FALSE
246,Erminia,Lynskey,elynskey69@deviantart.com,Finland,Tampere Polytechnic,http://ibm.com,226,FALSE
246,Tailor,Thomesson,tthomesson6i@prlog.org,Greece,University of Piraeus,http://berkeley.edu,235,TRUE
246,Hillery,Fitchett,hfitchettcx@flavors.me,China,Heilongjiang August 1st Reclamation University,https://mozilla.com,466,FALSE
246,Corey,MacKilroe,cmackilroeg1@webeden.co.uk,China,South China Construction University,https://telegraph.co.uk,578,FALSE
247,Creigh,Coppen,ccoppenm@thetimes.co.uk,China,Shanxi Agricultural University,https://google.pl,23,FALSE
248,Nikolaus,Padgham,npadghambc@un.org,Russia,Voronezh State Pedagogical University,https://vimeo.com,409,TRUE
248,Dunn,Rishworth,drishworthjy@chron.com,China,Changsha University of Electric Power,https://nbcnews.com,719,TRUE
250,Jordain,De Vaan,jdevaance@posterous.com,Albania,"University of Vlora ""Ismail Qemali""",https://unblog.fr,447,FALSE
250,Bertina,Curton,bcurtoni3@altervista.org,Iran,"Islamic Azad University, Semnan",https://liveinternet.ru,652,FALSE
250,Clemente,Hoonahan,choonahanlc@army.mil,China,Xinghai Conservatory of Music,http://google.com,769,TRUE
